0.0	0.0	0.0	0.0	0.0	0.0	0.0	0.1791907749132915	0.0	0.0	0.0	0.0	0.0	0.0	0.0	0.0	0.0	0.0	0.0	0.0	0.0	0.0	0.0	0.0	0.0	0.0	0.0	0.05202311271676421	0.0	0.0	0.5375722247398886	0.0	0.0	0.0	0.05202311271676421	0.0	0.0	0.0	0.0	0.0	0.0	0.1791907749132915	0.0	0.0	0.0
0.0	0.0	0.0	0.0	0.0	0.0	0.0	0.0	0.0	0.06818182409090945	0.0	0.0	0.0	0.22727271363636284	0.0	0.0	0.0	0.0	0.0	0.0	0.0	0.0	0.0	0.0	0.0	0.0	0.0	0.0	0.0	0.0	0.6363636381818183	0.0	0.0	0.0	0.0	0.0	0.0	0.06818182409090945	0.0	0.0	0.0	0.0	0.0	0.0	0.0
0.0	0.0	0.0	0.0	0.0	0.0	0.0	0.1914893808510619	0.0	0.0	0.0	0.0	0.0	0.0	0.0	0.0	0.0	0.0	0.0	0.02127659787234021	0.0	0.0	0.0	0.0	0.0	0.0	0.0	0.0	0.0	0.0	0.5744680425531957	0.0	0.0	0.0	0.02127659787234021	0.0	0.0	0.0	0.0	0.0	0.0	0.1914893808510619	0.0	0.0	0.0
0.0	0.0	0.0	0.0	0.0	0.1666667	0.0	0.0	0.0	0.0	0.0	0.0	0.0	0.0	0.0	0.0	0.0	0.0	0.0	0.0	0.0	0.0	0.0	0.0	0.0	0.0	0.0	0.33333329999999994	0.0	0.0	0.35714290000000004	0.0	0.0	0.0	0.0	0.0	0.0	0.0	0.0	0.0	0.0	0.14285710000000001	0.0	0.0	0.0
0.0	0.016666669999999998	0.0	0.0	0.0	0.0	0.0	0.31666669999999997	0.0	0.0	0.0	0.0	0.0	0.0	0.0	0.0	0.0	0.0	0.0	0.03333333	0.0	0.15833329999999998	0.0	0.0	0.0	0.0	0.0	0.0	0.0	0.0	0.475	0.0	0.0	0.0	0.0	0.0	0.0	0.0	0.0	0.0	0.0	0.0	0.0	0.0	0.0
0.0	0.0	0.0	0.0	0.0	0.0	0.0	0.38461540000000005	0.0	0.0	0.0	0.0	0.0	0.0	0.0	0.0	0.0	0.0	0.0	0.2692308	0.1153846	0.0	0.0	0.0	0.0	0.0	0.0	0.0	0.0	0.0	0.2307692	0.0	0.0	0.0	0.0	0.0	0.0	0.0	0.0	0.0	0.0	0.0	0.0	0.0	0.0
0.0	0.0	0.0	0.0	0.0	0.0	0.0	0.21951220197560986	0.0	0.0	0.0	0.0	0.0	0.0	0.0	0.0	0.0	0.00609756105487805	0.0	0.10975610098780493	0.0	0.0	0.0	0.0	0.0	0.0	0.060975610548780486	0.0	0.0	0.0	0.4512195040609755	0.0	0.0	0.0	0.0	0.060975610548780486	0.0	0.0	0.0	0.0	0.0	0.0914634108231707	0.0	0.0	0.0
0.0	0.0	0.0	0.0	0.0	0.0	0.0	0.18681318879120865	0.0	0.03296702802197832	0.0	0.0	0.0	0.0	0.0	0.0	0.0	0.0	0.0	0.03296702802197832	0.0	0.0	0.0	0.0	0.0	0.0	0.0	0.0	0.0	0.0	0.560439566373626	0.0	0.0	0.0	0.0	0.0	0.0	0.0	0.0	0.0	0.0	0.18681318879120865	0.0	0.0	0.0
0.0	0.0	0.0	0.0	0.0	0.0	0.0	0.22727268863636554	0.0	0.0	0.0	0.0	0.0	0.0	0.0	0.0	0.0	0.0	0.0	0.045454547727272615	0.0	0.0	0.0	0.0	0.0	0.0	0.0	0.0	0.0	0.0	0.5454545727272713	0.0	0.0	0.0	0.0	0.0	0.0	0.0	0.0	0.0	0.0	0.18181819090909046	0.0	0.0	0.0
0.0	0.0	0.0	0.0	0.0	0.0	0.0	0.0	0.0	0.0	0.0	0.0	0.0	0.0	0.0	0.0	0.0	0.0	0.0	0.0	0.017094021726496197	0.0	0.0	0.0	0.0	0.0	0.0	0.0	0.0	0.0	0.6666666673333334	0.0	0.0	0.0	0.0	0.008547009863247997	0.0	0.06837607690598377	0.0	0.0	0.0	0.2393162241709387	0.0	0.0	0.0
0.0	0.0	0.0	0.0	0.0	0.1333333	0.0	0.0	0.0	0.0	0.0	0.0	0.0	0.0	0.0	0.0	0.0	0.0	0.0	0.0	0.0	0.0	0.0	0.0	0.0	0.0	0.0	0.2222222	0.0	0.0	0.4666667000000001	0.0	0.0	0.0	0.0	0.0	0.0	0.0	0.0	0.0	0.0	0.1777778	0.0	0.0	0.0
0.0	0.0	0.011494250574712529	0.0	0.0	0.1264368063218403	0.0	0.0	0.0	0.0	0.0	0.0	0.0	0.0	0.0	0.0	0.0	0.0	0.0	0.0	0.0	0.0	0.0	0.0	0.0	0.0	0.0	0.0	0.0	0.0	0.5172414258620713	0.16091950804597538	0.0	0.0	0.0	0.0	0.0	0.0	0.0	0.0	0.0	0.18390800919540046	0.0	0.0	0.0
0.0	0.041871386231575235	0.0	0.0	0.0	0.0	0.0	0.2225995799660378	0.0	0.0	0.0	0.0	0.0	0.13296468803317807	0.0	0.0	0.0	0.0	0.0	0.0	0.0	0.0250366977466972	0.0	0.0	0.0	0.0	0.0	0.0	0.0	0.0	0.5775276480225116	0.0	0.0	0.0	0.0	0.0	0.0	0.0	0.0	0.0	0.0	0.0	0.0	0.0	0.0
0.0	0.050486236970825785	0.0	0.0	0.0	0.0	0.0	0.23145838611249686	0.0	0.0	0.0	0.0	0.0	0.1172423929654564	0.0	0.0	0.0	0.0	0.0	0.0	0.0	0.030335118179892907	0.0	0.0	0.0	0.0	0.0	0.0	0.0	0.0	0.570477865771328	0.0	0.0	0.0	0.0	0.0	0.0	0.0	0.0	0.0	0.0	0.0	0.0	0.0	0.0
0.0	0.0	0.0	0.0	0.0	0.0	0.0	0.0	0.0	0.0	0.0	0.0	0.0	0.0	0.0	0.0	0.0	0.0	0.0	0.0	0.0	0.0	0.0	0.0	0.0	0.0	0.0	0.0	0.1	0.0	0.5	0.0	0.0	0.0	0.0	0.0	0.0	0.2	0.0	0.0	0.0	0.2	0.0	0.0	0.0
0.0	0.0	0.0	0.0	0.0	0.0	0.0	0.18181818181818185	0.0	0.045454545454545456	0.0	0.0	0.0	0.0	0.0	0.0	0.0	0.0	0.0	0.045454545454545456	0.0	0.0	0.0	0.0	0.0	0.0	0.0	0.0	0.0	0.0	0.5454545454545454	0.0	0.0	0.0	0.0	0.0	0.0	0.0	0.0	0.0	0.0	0.18181818181818185	0.0	0.0	0.0
0.0	0.05075107695493538	0.0	0.0	0.0	0.0	0.0	0.2136474871811508	0.0	0.0	0.0	0.0	0.0	0.12768809233871445	0.0	0.0	0.0	0.0	0.0	0.0	0.0	0.026789078392655298	0.0	0.0	0.0	0.0	0.0	0.0	0.0	0.0	0.5811242651325441	0.0	0.0	0.0	0.0	0.0	0.0	0.0	0.0	0.0	0.0	0.0	0.0	0.0	0.0
0.0	0.0	0.0	0.0	0.0	0.0	0.0	0.0	0.0	0.0	0.0	0.0	0.0	0.0	0.0	0.0	0.0	0.0	0.0	0.0	0.01724138	0.0	0.0	0.0	0.0	0.0	0.0	0.0	0.0	0.0	0.6724138000000001	0.0	0.0	0.00862069	0.0	0.0	0.0	0.05172414	0.0	0.0	0.0	0.2413793	0.00862069	0.0	0.0
0.0	0.0	0.0	0.0	0.0	0.0	0.0	0.0	0.0	0.0	0.0	0.0	0.0	0.0	0.0	0.0	0.0	0.0	0.0	0.0	0.017094021726496197	0.0	0.0	0.0	0.0	0.0	0.0	0.0	0.0	0.0	0.6666666673333334	0.0	0.0	0.0	0.0	0.0	0.0	0.06837607690598377	0.0	0.0	0.0	0.2393162241709387	0.008547009863247997	0.0	0.0
0.0	0.017543861754386183	0.0	0.0	0.0	0.0	0.0	0.0	0.0	0.0	0.0	0.0	0.0	0.0	0.0	0.0	0.0	0.0	0.0	0.0	0.0	0.0	0.0	0.0	0.0	0.0	0.0	0.0	0.0	0.0	0.6666666666666666	0.0	0.0	0.0	0.07017544701754473	0.0	0.0	0.0	0.0	0.0	0.0	0.2456140245614025	0.0	0.0	0.0
0.0	0.0	0.0	0.0	0.0	0.0	0.0	0.3748557812572109	0.0	0.0	0.0	0.0	0.0	0.06747404662629768	0.0	0.0	0.0	0.0	0.0	0.0	0.0	0.06718569664071518	0.0	0.0	0.0	0.0	0.0	0.0	0.0	0.0	0.4904844754757763	0.0	0.0	0.0	0.0	0.0	0.0	0.0	0.0	0.0	0.0	0.0	0.0	0.0	0.0
0.0	0.0	0.0	0.0	0.0	0.0	0.0	0.3812155068618791	0.0	0.0	0.0	0.0	0.0	0.0	0.0	0.0	0.0	0.005524862099447517	0.0	0.016574590298342625	0.0	0.030386740546961333	0.0	0.0	0.0	0.0	0.0	0.0	0.0	0.0	0.4779005086022092	0.0	0.0	0.0	0.0	0.0	0.0	0.0	0.0	0.0	0.0	0.08839779159116026	0.0	0.0	0.0
0.0	0.0	0.0	0.0	0.0	0.0	0.0	0.2321428162499972	0.0	0.0	0.0	0.0	0.0	0.0	0.0	0.0	0.0	0.0	0.0	0.0	0.0	0.0	0.0	0.0	0.0	0.0	0.0	0.0	0.05357143375000037	0.0	0.5892857412500019	0.0	0.0	0.0	0.0	0.0	0.0	0.0	0.0	0.0	0.0	0.12500000875000064	0.0	0.0	0.0
0.0	0.0	0.0	0.0	0.0	0.0	0.0	0.0	0.0	0.0	0.0	0.0	0.0	0.21590910000000005	0.0	0.0	0.0	0.0	0.0	0.0	0.0	0.0	0.0	0.0	0.0	0.0	0.0	0.0	0.0	0.0	0.6212121	0.0	0.0	0.0	0.0	0.0	0.0	0.16287880000000002	0.0	0.0	0.0	0.0	0.0	0.0	0.0
0.0	0.0	0.0	0.0	0.0	0.0	0.0	0.3787879037878791	0.0	0.0	0.060606060606060615	0.0	0.0	0.0	0.0	0.0	0.0	0.0	0.0	0.22727270227272706	0.030303030303030307	0.0	0.0	0.0	0.0	0.0	0.0	0.0	0.0	0.0	0.30303030303030304	0.0	0.0	0.0	0.0	0.0	0.0	0.0	0.0	0.0	0.0	0.0	0.0	0.0	0.0
0.0	0.0	0.0	0.0	0.0	0.0	0.0	0.0	0.0	0.0	0.0	0.0	0.0	0.0	0.0	0.0	0.0	0.0	0.0	0.0	0.017094021743590218	0.0	0.0	0.0	0.0	0.0	0.0	0.0	0.0	0.0	0.6666666680000001	0.0	0.0	0.004273504435897453	0.0	0.004273504435897453	0.0	0.06837607697435986	0.0	0.0	0.0	0.2393162244102549	0.0	0.0	0.0
0.0	0.014527050435811513	0.0	0.0	0.0	0.0	0.0	0.2253505067605152	0.0	0.0	0.0	0.0	0.0	0.13482660404479815	0.0	0.0	0.0	0.0	0.0	0.0	0.0	0.048833321464999635	0.0	0.0	0.0	0.0	0.0	0.0	0.0	0.0	0.5764625172938755	0.0	0.0	0.0	0.0	0.0	0.0	0.0	0.0	0.0	0.0	0.0	0.0	0.0	0.0
0.0	0.058823738235323365	0.0	0.0	0.0	0.0	0.0	0.21568863019640824	0.0	0.0	0.0	0.0	0.0	0.0	0.0	0.0	0.0	0.0	0.0	0.019607832745096587	0.0	0.0	0.0	0.0	0.0	0.0	0.0	0.0	0.0	0.0	0.5490181768625447	0.0	0.0	0.0	0.0	0.0	0.0	0.0	0.0	0.0	0.0	0.15686162196062708	0.0	0.0	0.0
0.0	0.0	0.0	0.0	0.0	0.0	0.0	0.14285711428571146	0.0	0.0	0.0	0.0	0.0	0.0	0.0	0.0	0.0	0.0	0.0	0.0	0.0	0.0	0.0	0.0	0.0	0.0	0.0	0.0	0.0	0.0	0.4285714428571443	0.2857143285714329	0.0	0.0	0.0	0.0	0.0	0.0	0.0	0.0	0.0	0.14285711428571146	0.0	0.0	0.0
0.0	0.0	0.0	0.0	0.0	0.0	0.0	0.0	0.0	0.0	0.0	0.0	0.0	0.0	0.0	0.0	0.0	0.0	0.0	0.0	0.017094021726496197	0.0	0.0	0.0	0.0	0.017094021726496197	0.0	0.0	0.0	0.0	0.6666666673333334	0.0	0.0	0.0	0.0	0.008547009863247997	0.0	0.05128205517948759	0.0	0.0	0.0	0.2393162241709387	0.0	0.0	0.0
0.0	0.0	0.0	0.0	0.064748200647482	0.0	0.0	0.0	0.0	0.0	0.0	0.0	0.0	0.0	0.0	0.0	0.0	0.0	0.3381295033812951	0.0	0.0	0.0	0.0	0.0	0.0	0.0	0.0	0.014388490143884903	0.0	0.0	0.517985605179856	0.0	0.0	0.0	0.0	0.0	0.0	0.0	0.0	0.0	0.0	0.064748200647482	0.0	0.0	0.0
0.0	0.0	0.0	0.0	0.0	0.0	0.0	0.0	0.0	0.0	0.0	0.0	0.0	0.0	0.0	0.0	0.0	0.0	0.0	0.0	0.0	0.0	0.0	0.0	0.0	0.0	0.0	0.0	0.0	0.0013120490669145024	0.6005009306255474	0.0	0.0	0.0	0.0	0.0	0.0	0.0	0.0	0.0	0.0	0.0	0.0	0.0	0.3981870203075381
0.0	0.0	0.0	0.0	0.0	0.0	0.0	0.3816794114503824	0.0	0.0	0.06870229206106876	0.0	0.0	0.0	0.0	0.0	0.0	0.0	0.0	0.22900760687022825	0.015267180458015412	0.0	0.0	0.0	0.0	0.0	0.0	0.0	0.0	0.0	0.3053435091603053	0.0	0.0	0.0	0.0	0.0	0.0	0.0	0.0	0.0	0.0	0.0	0.0	0.0	0.0
0.0	0.0	0.0	0.0	0.0	0.14772729999999998	0.0	0.0	0.0	0.0	0.0	0.0	0.0	0.0	0.0	0.0	0.0	0.0	0.0	0.0	0.0	0.0	0.0	0.0	0.0	0.0	0.0	0.2954545	0.0	0.0	0.3977273	0.0	0.0	0.0	0.0	0.0	0.0	0.0	0.0	0.0	0.0	0.15909089999999998	0.0	0.0	0.0
0.0	0.0	0.0	0.0	0.0	0.0	0.0	0.0	0.0	0.08181818572727301	0.0	0.0	0.0	0.2272727159090901	0.0	0.0	0.0	0.0	0.0	0.0	0.0	0.0	0.0	0.0	0.0	0.0	0.0	0.0	0.0	0.0	0.636363644545455	0.0	0.0	0.0	0.0	0.0	0.0	0.054545453818181766	0.0	0.0	0.0	0.0	0.0	0.0	0.0
0.0	0.0	0.0	0.0	0.0	0.0	0.0	0.0	0.0	0.0	0.0	0.0	0.0	0.0	0.0	0.0	0.0	0.0	0.0	0.0	0.0	0.0	0.0	0.0	0.0	0.0	0.0	0.0	0.2889882711011729	0.0	0.4266070573392942	0.0	0.0	0.0	0.0	0.0	0.0	0.0	0.0	0.0	0.0	0.0	0.0	0.0	0.2844046715595329
0.0	0.0	0.0	0.0	0.0	0.0	0.0	0.17184270171842703	0.0	0.0	0.0	0.0	0.0	0.0	0.0	0.0	0.0	0.0	0.0	0.0351966903519669	0.0	0.0	0.0	0.0	0.0	0.0	0.0	0.0	0.0	0.0	0.5859213058592131	0.0	0.0	0.0	0.0	0.0	0.0	0.0	0.0	0.0	0.0	0.207039302070393	0.0	0.0	0.0
0.0	0.0	0.0	0.0	0.0	0.0	0.0	0.2197273087890924	0.0	0.0	0.0	0.0	0.0	0.14023950560958026	0.0	0.0	0.0	0.0	0.0	0.0	0.0	0.0598569623942785	0.0	0.0	0.0	0.0	0.0	0.0	0.0	0.0	0.5801762232070489	0.0	0.0	0.0	0.0	0.0	0.0	0.0	0.0	0.0	0.0	0.0	0.0	0.0	0.0
0.0	0.0	0.0	0.0	0.0	0.0	0.0	0.286458297135417	0.0	0.0	0.0	0.0	0.0	0.0	0.0	0.0	0.0	0.0572916694270833	0.0	0.0572916694270833	0.0	0.0	0.0	0.0	0.0	0.0	0.0	0.0	0.0	0.0	0.494791695052083	0.0	0.0	0.0	0.0	0.01562499984375	0.0	0.0	0.0	0.0	0.0	0.08854166911458329	0.0	0.0	0.0
0.0	0.0	0.0	0.0	0.0	0.0	0.0	0.0	0.0	0.0	0.0	0.0	0.0	0.0	0.0	0.0	0.0	0.0	0.0	0.0	0.0	0.0	0.0	0.0	0.0	0.0	0.0	0.0	0.0	0.0	0.6885245862295083	0.0	0.0	0.0	0.032786879344262415	0.01639343967213121	0.0	0.0	0.0	0.0	0.0	0.2622950947540981	0.0	0.0	0.0
0.0	0.0	0.0	0.0	0.0	0.0	0.0	0.0	0.0	0.0	0.0	0.0	0.0	0.0	0.0	0.0	0.0	0.0	0.0	0.0	0.01724138	0.0	0.0	0.0	0.0	0.05172414	0.0	0.0	0.0	0.0	0.6724138000000001	0.0	0.0	0.00862069	0.0	0.00862069	0.0	0.0	0.0	0.0	0.0	0.2413793	0.0	0.0	0.0
0.0	0.0	0.0	0.0	0.0	0.0	0.0	0.23214299303571026	0.0	0.0	0.0	0.0	0.0	0.0	0.0	0.0	0.0	0.0	0.0	0.0	0.0	0.0	0.0	0.0	0.0	0.0	0.0	0.0	0.053571628392851164	0.0	0.5892856823214295	0.0	0.0	0.0	0.0	0.0	0.0	0.0	0.0	0.0	0.0	0.12499969625000913	0.0	0.0	0.0
0.0	0.0	0.0	0.0	0.0	0.0	0.0	0.2697672946046541	0.0	0.0	0.0	0.0	0.0	0.0	0.0	0.0	0.0	0.0	0.0	0.0186047296279054	0.0	0.0	0.0	0.0	0.0	0.0	0.0	0.0	0.0	0.0	0.5441860891162782	0.0	0.0	0.0	0.0	0.0	0.0	0.0	0.0	0.0	0.0	0.12558129748837404	0.0	0.0	0.04186058916278821
0.0	0.0	0.0	0.0	0.0	0.0	0.0	0.23529409294117726	0.0	0.0	0.0	0.0	0.0	0.0	0.0	0.0	0.0	0.0	0.0	0.0	0.0	0.0	0.0	0.0	0.0	0.0	0.0	0.05882352823529415	0.0	0.0	0.5294117841176464	0.0	0.0	0.0	0.0	0.0	0.0	0.0	0.0	0.0	0.0	0.17647059470588214	0.0	0.0	0.0
0.0	0.31349209059523725	0.0	0.0	0.0	0.0	0.0	0.0	0.0	0.0	0.0	0.0	0.0	0.0	0.0	0.0	0.0	0.0	0.08333332750000016	0.0	0.0	0.0	0.0	0.0	0.0	0.0	0.0	0.4126983876190484	0.0	0.0	0.1904761942857142	0.0	0.0	0.0	0.0	0.0	0.0	0.0	0.0	0.0	0.0	0.0	0.0	0.0	0.0
0.0	0.0	0.0	0.0	0.025103665983413445	0.0	0.0	0.3139262497718001	0.0	0.0	0.0	0.0	0.0	0.0	0.0	0.0	0.0	0.0	0.0	0.0	0.0	0.0	0.0	0.0	0.0	0.0	0.0	0.0349380844099065	0.0	0.0	0.5085386186338211	0.0	0.0	0.0	0.0	0.0	0.0	0.0	0.0	0.0	0.0	0.117493381201059	0.0	0.0	0.0
0.0	0.0	0.0	0.0	0.0	0.0	0.0	0.0	0.0	0.0	0.0	0.0	0.0	0.0	0.0	0.0	0.0	0.0	0.0	0.0	0.017094021726496197	0.0	0.0	0.0	0.0	0.0	0.0	0.0	0.0	0.0	0.6666666673333334	0.0	0.0	0.0	0.0	0.0	0.0	0.06837607690598377	0.0	0.0	0.0	0.2393162241709387	0.008547009863247997	0.0	0.0
0.0	0.0	0.0	0.0	0.0967742077419366	0.0	0.0	0.0	0.0	0.0	0.0	0.0	0.0	0.0	0.0	0.0	0.0	0.0	0.32258062580645	0.0	0.0	0.0	0.0	0.0	0.0	0.0	0.0	0.032258062580645	0.0	0.0	0.5161290412903233	0.0	0.0	0.0	0.0	0.0	0.0	0.0	0.0	0.0	0.0	0.032258062580645	0.0	0.0	0.0
0.0	0.0	0.0	0.0	0.0	0.0	0.0	0.2719322	0.0	0.0	0.0	0.0	0.0	0.0	0.0	0.0	0.0	0.0	0.0	0.043860800000000005	0.0	0.0	0.0	0.0	0.0	0.0	0.0	0.0	0.0	0.0	0.5213009000000001	0.0	0.0	0.0	0.0	0.0	0.0	0.0	0.0	0.0	0.0	0.16290610000000003	0.0	0.0	0.0
0.0	0.0	0.0	0.0	0.0	0.1511628	0.0	0.0	0.0	0.0	0.0	0.0	0.0	0.0	0.0	0.0	0.0	0.0	0.0	0.0	0.0	0.0	0.0	0.0	0.0	0.0	0.0	0.255814	0.0	0.0	0.4302325	0.0	0.0	0.0	0.0	0.0	0.0	0.0	0.0	0.0	0.0	0.1627907	0.0	0.0	0.0
0.0	0.0799999792000002	0.0	0.0	0.0	0.0	0.0	0.180000098199999	0.0	0.0	0.0	0.0	0.0	0.0	0.0	0.0	0.0	0.0	0.0	0.0200001297999987	0.0	0.0	0.0	0.0	0.0	0.0	0.0	0.0	0.0	0.0	0.559999794400002	0.0	0.0	0.0	0.0	0.0	0.0	0.0	0.0	0.0	0.0	0.15999999839999998	0.0	0.0	0.0
0.0	0.0	0.0	0.0	0.0	0.0	0.0	0.0	0.0	0.0	0.0	0.12	0.0	0.0	0.0	0.0	0.0	0.0	0.0	0.0	0.0	0.0	0.0	0.0	0.0	0.0	0.0	0.0	0.0	0.0	0.6	0.0	0.0	0.0	0.0	0.0	0.0	0.0	0.0	0.0	0.0	0.0	0.0	0.0	0.28
0.0	0.0	0.0	0.0	0.0	0.0	0.0	0.0	0.0	0.054545453818181766	0.0	0.0	0.0	0.2272727159090901	0.0	0.0	0.0	0.0	0.0	0.0	0.0	0.0	0.0	0.0	0.0	0.0	0.0	0.0	0.0	0.0	0.6363636445454551	0.0	0.0	0.0	0.0	0.0	0.0	0.08181818572727302	0.0	0.0	0.0	0.0	0.0	0.0	0.0
0.0	0.051324729486752714	0.0	0.0	0.0	0.0	0.0	0.22457469775425304	0.0	0.0	0.0	0.0	0.0	0.13377089866229105	0.0	0.0	0.0	0.0	0.0	0.0	0.0	0.030763479692365207	0.0	0.0	0.0	0.0	0.0	0.0	0.0	0.0	0.559566194404338	0.0	0.0	0.0	0.0	0.0	0.0	0.0	0.0	0.0	0.0	0.0	0.0	0.0	0.0
0.0	0.0161121787110257	0.0	0.0	0.0	0.10080999193520064	0.0	0.0	0.0	0.0	0.0	0.0	0.0	0.0	0.0	0.0	0.0	0.0	0.0	0.0	0.0	0.0	0.0	0.0	0.0	0.0	0.0	0.0	0.0	0.0	0.5604859551611237	0.1209719903222408	0.0	0.0	0.0	0.0	0.0	0.0	0.0	0.0	0.0	0.2016198838704093	0.0	0.0	0.0
0.0	0.0	0.0	0.0	0.0	0.0	0.0	0.0	0.0	0.0	0.0	0.0	0.0	0.0	0.0	0.0	0.0	0.0	0.0	0.0	0.01709402189743644	0.0	0.0	0.0	0.0	0.034188033794871765	0.0	0.0	0.0	0.0	0.6666666740000008	0.0	0.0	0.0	0.0	0.0	0.0	0.034188033794871765	0.0	0.0	0.0	0.2393162265641012	0.008547009948718105	0.0	0.0
0.0	0.0	0.0	0.0	0.0	0.0	0.0	0.22727268863636554	0.0	0.0	0.0	0.0	0.0	0.0	0.0	0.0	0.0	0.0	0.0	0.045454547727272615	0.0	0.0	0.0	0.0	0.0	0.0	0.0	0.0	0.0	0.0	0.5454545727272713	0.0	0.0	0.0	0.0	0.0	0.0	0.0	0.0	0.0	0.0	0.18181819090909046	0.0	0.0	0.0
0.0	0.0	0.0	0.0	0.0	0.0	0.0	0.2516457150987429	0.0	0.0	0.0	0.0	0.0	0.0	0.0	0.0	0.0	0.0	0.0	0.04611344276680656	0.0	0.0	0.0	0.0	0.0	0.0	0.0	0.0	0.0	0.0	0.53096233185774	0.0	0.0	0.0	0.0	0.0	0.0	0.0	0.0	0.0	0.0	0.17127851027671062	0.0	0.0	0.0
0.0	0.0	0.0	0.0	0.014237670427130112	0.0	0.0	0.3559417106782513	0.0	0.0	0.0	0.0	0.0	0.0	0.0	0.0	0.0	0.0	0.0	0.24914050747421526	0.11382660341479812	0.0	0.0	0.0	0.0	0.0	0.0	0.0	0.0	0.0	0.2668535080056053	0.0	0.0	0.0	0.0	0.0	0.0	0.0	0.0	0.0	0.0	0.0	0.0	0.0	0.0
0.0	0.0	0.0	0.0	0.0	0.0	0.0	0.18181818181818185	0.0	0.045454545454545456	0.0	0.0	0.0	0.0	0.0	0.0	0.0	0.0	0.0	0.045454545454545456	0.0	0.0	0.0	0.0	0.0	0.0	0.0	0.0	0.0	0.0	0.5454545454545454	0.0	0.0	0.0	0.0	0.0	0.0	0.0	0.0	0.0	0.0	0.18181818181818185	0.0	0.0	0.0
0.0	0.0	0.0	0.0	0.0	0.0	0.0	0.0	0.0	0.0	0.004445964386456915	0.0	0.0	0.0	0.0	0.0	0.0	0.0	0.0	0.0	0.0	0.0	0.0	0.0	0.0	0.03522571513885132	0.0	0.0	0.0	0.0	0.6709986074021922	0.0	0.0	0.008549931820109411	0.0	0.0	0.0	0.03522571513885132	0.0	0.0	0.0	0.2455540661135389	0.0	0.0	0.0
0.0	0.0	0.0	0.0	0.0	0.0	0.0	0.18097208190279185	0.0	0.0	0.0	0.0	0.0	0.11220268877973114	0.0	0.0	0.0	0.0	0.0	0.0	0.0	0.11194418880558113	0.0	0.0	0.0	0.0	0.0	0.0	0.0	0.0	0.5948810405118959	0.0	0.0	0.0	0.0	0.0	0.0	0.0	0.0	0.0	0.0	0.0	0.0	0.0	0.0
0.0	0.0	0.0	0.0	0.04587156091743121	0.0	0.0	0.2935780058715601	0.0	0.0	0.0	0.0	0.0	0.0	0.0	0.0	0.0	0.0	0.0	0.11009170220183404	0.0	0.0	0.0	0.0	0.0	0.0	0.0	0.0	0.0	0.0	0.4587156091743122	0.0	0.0	0.0	0.0	0.0	0.0	0.0	0.0	0.0	0.0	0.09174312183486244	0.0	0.0	0.0
0.0	0.0	0.0	0.0	0.0	0.0	0.0	0.22727268863636554	0.0	0.0	0.0	0.0	0.0	0.0	0.0	0.0	0.0	0.0	0.0	0.045454547727272615	0.0	0.0	0.0	0.0	0.0	0.0	0.0	0.0	0.0	0.0	0.5454545727272713	0.0	0.0	0.0	0.0	0.0	0.0	0.0	0.0	0.0	0.0	0.18181819090909046	0.0	0.0	0.0
0.0	0.03191488744680901	0.0	0.0	0.0	0.0	0.0	0.1808510855319132	0.0	0.0	0.0	0.0	0.0	0.0	0.0	0.0	0.0	0.0	0.0	0.06382978489361721	0.0	0.0	0.0	0.0	0.0	0.0	0.0	0.0	0.0	0.0	0.5425531565957474	0.0	0.0	0.0	0.0	0.0	0.0	0.0	0.0	0.0	0.0	0.1808510855319132	0.0	0.0	0.0
0.0	0.04486508551349145	0.0	0.0	0.0	0.0	0.0	0.21189767881023214	0.0	0.0	0.0	0.0	0.0	0.1266427873357213	0.0	0.0	0.0	0.0	0.0	0.0	0.0	0.03476950652304936	0.0	0.0	0.0	0.0	0.0	0.0	0.0	0.0	0.5818249418175059	0.0	0.0	0.0	0.0	0.0	0.0	0.0	0.0	0.0	0.0	0.0	0.0	0.0	0.0
0.0	0.0	0.0	0.0	0.0	0.0	0.0	0.27368454926321883	0.0	0.0	0.0	0.0	0.0	0.0	0.0	0.0	0.0	0.0	0.0	0.02679525482314586	0.0	0.0	0.0	0.0	0.0	0.0	0.0	0.0	0.0	0.0	0.5349271962868952	0.0	0.0	0.0	0.0	0.0	0.0	0.0	0.0	0.0	0.0	0.12344462222003197	0.0	0.0	0.04114837740670793
0.0	0.0	0.0	0.0	0.0	0.0	0.0	0.22727268863636554	0.0	0.0	0.0	0.0	0.0	0.0	0.0	0.0	0.0	0.0	0.0	0.045454547727272615	0.0	0.0	0.0	0.0	0.0	0.0	0.0	0.0	0.0	0.0	0.5454545727272713	0.0	0.0	0.0	0.0	0.0	0.0	0.0	0.0	0.0	0.0	0.18181819090909046	0.0	0.0	0.0
0.0	0.0	0.0	0.0	0.0	0.0	0.0	0.0	0.0	0.0	0.0	0.0	0.0	0.0	0.0	0.0	0.0	0.0	0.0	0.0	0.0	0.0	0.0	0.0	0.0	0.09170304541484772	0.0	0.0	0.0	0.0	0.5633187718340613	0.0	0.0	0.0	0.0	0.0	0.0	0.0	0.0	0.0	0.0	0.0	0.0	0.0	0.3449781827510909
0.0	0.0	0.0	0.0	0.0	0.0	0.0	0.21397246790412985	0.0	0.0	0.0	0.0	0.0	0.0	0.0	0.0	0.0	0.0	0.0	0.021834146724877997	0.0	0.22270806659379005	0.0	0.0	0.0	0.0	0.0	0.0	0.0	0.0	0.5414853187772022	0.0	0.0	0.0	0.0	0.0	0.0	0.0	0.0	0.0	0.0	0.0	0.0	0.0	0.0
0.0	0.0	0.0	0.0	0.0	0.1891892	0.0	0.0	0.0	0.0	0.0	0.0	0.0	0.0	0.0	0.0	0.0	0.0	0.0	0.0	0.0	0.0	0.0	0.0	0.0	0.0	0.0	0.0	0.0	0.0	0.5405405	0.10810810000000001	0.0	0.0	0.0	0.0	0.0	0.0	0.0	0.0	0.0	0.1621622	0.0	0.0	0.0
0.0	0.0	0.0	0.0	0.0	0.0	0.0	0.0	0.0	0.0	0.0	0.0	0.0	0.0	0.0	0.0	0.0	0.0	0.0	0.0	0.01724138	0.0	0.0	0.0	0.0	0.0	0.0	0.0	0.0	0.0	0.6724138000000001	0.0	0.0	0.0	0.0	0.00862069	0.0	0.05172414	0.0	0.0	0.0	0.2413793	0.00862069	0.0	0.0
0.0	0.0	0.0	0.0	0.0	0.0	0.0	0.2395604143736248	0.0	0.0	0.0	0.0	0.0	0.0	0.0	0.0	0.0	0.0	0.0	0.01978022118681327	0.0	0.0	0.0	0.0	0.0	0.0	0.0	0.0	0.01978022118681327	0.0	0.54065933243956	0.0	0.0	0.0	0.0	0.0	0.0	0.0	0.0	0.0	0.0	0.18021981081318866	0.0	0.0	0.0
0.0	0.04516616	0.0	0.0	0.0	0.0	0.0	0.20684989999999998	0.0	0.0	0.0	0.0	0.0	0.12398760000000003	0.0	0.0	0.0	0.0	0.0	0.0	0.0	0.04009004	0.0	0.0	0.0	0.0	0.0	0.0	0.0	0.0	0.5839063	0.0	0.0	0.0	0.0	0.0	0.0	0.0	0.0	0.0	0.0	0.0	0.0	0.0	0.0
0.0	0.0	0.0	0.0	0.0	0.0	0.0	0.0	0.0	0.0	0.0	0.0	0.0	0.0	0.0	0.0	0.0	0.0	0.0	0.0	0.0	0.0	0.0	0.06604451877243181	0.0	0.0	0.0	0.0	0.0	0.0	0.13208907754485685	0.6014330977563734	0.0	0.0	0.06674535865328904	0.0	0.0	0.03343796431554607	0.0	0.0	0.0	0.10024998295750293	0.0	0.0	0.0
0.0	0.0	0.0	0.0	0.0	0.0	0.0	0.3816794114503824	0.0	0.0	0.06870229206106876	0.0	0.0	0.0	0.0	0.0	0.0	0.0	0.0	0.22900760687022825	0.015267180458015412	0.0	0.0	0.0	0.0	0.0	0.0	0.0	0.0	0.0	0.3053435091603053	0.0	0.0	0.0	0.0	0.0	0.0	0.0	0.0	0.0	0.0	0.0	0.0	0.0	0.0
0.0	0.0	0.0	0.0	0.0	0.0	0.0	0.22727268863636554	0.0	0.0	0.0	0.0	0.0	0.0	0.0	0.0	0.0	0.0	0.0	0.0	0.0	0.0	0.0	0.0	0.0	0.0	0.0	0.0	0.0	0.0	0.5454545727272713	0.045454547727272615	0.0	0.0	0.0	0.0	0.0	0.0	0.0	0.0	0.0	0.18181819090909046	0.0	0.0	0.0
0.0	0.05	0.0	0.0	0.0	0.12	0.0	0.0	0.0	0.0	0.0	0.0	0.0	0.0	0.0	0.0	0.0	0.0	0.0	0.0	0.0	0.0	0.0	0.0	0.0	0.0	0.0	0.0	0.0	0.0	0.47	0.2	0.0	0.0	0.0	0.0	0.0	0.0	0.0	0.0	0.0	0.16	0.0	0.0	0.0
0.0	0.0	0.0	0.0	0.0	0.10495748950425103	0.0	0.0	0.0	0.0	0.0	0.0	0.0	0.0	0.0	0.0	0.0	0.0	0.0	0.0	0.0	0.0	0.0	0.0	0.0	0.0	0.0	0.14561288543871145	0.0	0.0	0.5444928455507154	0.0	0.0	0.0	0.0	0.0	0.0	0.0	0.0	0.0	0.0	0.20493677950632205	0.0	0.0	0.0
0.0	0.0	0.0	0.0	0.0	0.0	0.0	0.0	0.0	0.09545455572727336	0.0	0.0	0.0	0.22727271363636284	0.0	0.0	0.0	0.0	0.0	0.0	0.0	0.0	0.0	0.0	0.0	0.0	0.0	0.0	0.0	0.0	0.6363636381818183	0.0	0.0	0.0	0.0	0.0	0.0	0.04090909245454556	0.0	0.0	0.0	0.0	0.0	0.0	0.0
0.0	0.037206745460777055	0.004582111440982405	0.0	0.0	0.0	0.0	0.0	0.0	0.0	0.0	0.0	0.0	0.0	0.0	0.0	0.0	0.0	0.0	0.0	0.0	0.0	0.0	0.0	0.0	0.010997068658357624	0.0	0.0	0.0	0.0	0.67521991762317	0.0	0.0	0.0	0.026026386824780808	0.0	0.0	0.0	0.0	0.0	0.0	0.2459677699919321	0.0	0.0	0.0
0.0	0.0	0.0	0.0	0.0	0.14772729999999998	0.0	0.0	0.0	0.0	0.0	0.0	0.0	0.0	0.0	0.0	0.0	0.0	0.0	0.0	0.0	0.0	0.0	0.0	0.0	0.0	0.0	0.2954545	0.0	0.0	0.3977273	0.0	0.0	0.0	0.0	0.0	0.0	0.0	0.0	0.0	0.0	0.15909089999999998	0.0	0.0	0.0
0.0	0.04419494088389882	0.0	0.0	0.0	0.0	0.0	0.2206756044135121	0.0	0.0	0.0	0.0	0.0	0.13228080264561606	0.0	0.0	0.0	0.0	0.0	0.0	0.0	0.02447294048945881	0.0	0.0	0.0	0.0	0.0	0.0	0.0	0.0	0.5783757115675142	0.0	0.0	0.0	0.0	0.0	0.0	0.0	0.0	0.0	0.0	0.0	0.0	0.0	0.0
0.0	0.0	0.0	0.0	0.0	0.0	0.0	0.18435752212290266	0.0	0.0	0.0	0.0	0.0	0.0	0.0	0.0	0.0	0.0	0.0	0.03910614469273736	0.0	0.0	0.0	0.0	0.0	0.0	0.0	0.0	0.0	0.0	0.55307266636872	0.0	0.0	0.0	0.0	0.0	0.0	0.03910614469273736	0.0	0.0	0.0	0.18435752212290266	0.0	0.0	0.0
0.0	0.0	0.0	0.0	0.0	0.10102379494881024	0.0	0.0	0.0	0.0	0.0	0.0	0.0	0.0	0.0	0.0	0.0	0.0	0.0	0.0	0.012068749396562531	0.0	0.0	0.0	0.0	0.0	0.0	0.0	0.0	0.0	0.5636314718184264	0.12122849393857532	0.0	0.0	0.0	0.0	0.0	0.0	0.0	0.0	0.0	0.20204748989762555	0.0	0.0	0.0
0.0	0.2592593	0.0	0.0	0.0	0.0	0.1111111	0.0	0.0	0.0	0.0	0.0	0.0	0.0	0.0	0.0	0.0	0.0	0.0	0.0	0.0	0.0	0.0	0.0	0.0	0.0	0.0	0.5185185	0.0	0.0	0.1111111	0.0	0.0	0.0	0.0	0.0	0.0	0.0	0.0	0.0	0.0	0.0	0.0	0.0	0.0
0.0	0.0	0.0	0.0	0.0	0.0	0.0	0.0	0.0	0.0	0.0	0.0	0.0	0.0	0.0	0.0	0.0	0.0	0.0	0.0	0.01724138	0.0	0.0	0.0	0.0	0.0	0.0	0.0	0.0	0.0	0.6724138000000001	0.0	0.0	0.0	0.0	0.01724138	0.0	0.05172414	0.0	0.0	0.0	0.2413793	0.0	0.0	0.0
0.0	0.042613462130673116	0.0	0.0	0.017704220885211047	0.0	0.0	0.20937461046873052	0.0	0.0	0.0	0.0	0.0	0.1255370062768503	0.0	0.0	0.0	0.0	0.0	0.0	0.0	0.01596707079835354	0.0	0.0	0.0	0.0	0.0	0.0	0.0	0.0	0.5888036294401815	0.0	0.0	0.0	0.0	0.0	0.0	0.0	0.0	0.0	0.0	0.0	0.0	0.0	0.0
0.0	0.0	0.0	0.0	0.0	0.0	0.0	0.0	0.0	0.0	0.0	0.0	0.0	0.0	0.0	0.0	0.0	0.0	0.0	0.0	0.01724138	0.0	0.0	0.0	0.0	0.0	0.0	0.0	0.0	0.0	0.6724138000000001	0.0	0.0	0.00862069	0.0	0.0	0.0	0.05172414	0.0	0.0	0.0	0.2413793	0.00862069	0.0	0.0
0.0	0.04500515450051545	0.0	0.0	0.0	0.0	0.0	0.21679542167954216	0.0	0.0	0.0	0.0	0.0	0.12418451241845126	0.0	0.0	0.0	0.0	0.0	0.0	0.0	0.035048553504855355	0.0	0.0	0.0	0.0	0.0	0.0	0.0	0.0	0.5789663578966358	0.0	0.0	0.0	0.0	0.0	0.0	0.0	0.0	0.0	0.0	0.0	0.0	0.0	0.0
0.0	0.0	0.0	0.0	0.0	0.0	0.0	0.4293946570605343	0.0	0.0	0.0	0.0	0.0	0.0	0.0	0.0	0.0	0.0	0.0	0.14697348530265147	0.11296848870315113	0.0	0.0	0.0	0.0	0.0	0.0	0.0	0.0	0.0	0.31066336893366314	0.0	0.0	0.0	0.0	0.0	0.0	0.0	0.0	0.0	0.0	0.0	0.0	0.0	0.0
0.0	0.0	0.0	0.0	0.0	0.0	0.0	0.0	0.0	0.0	0.0	0.0	0.0	0.0	0.0	0.0	0.0	0.0	0.0	0.0	0.0012014419244293032	0.0	0.0	0.0	0.0	0.0	0.0	0.0	0.0	0.0006007208622146579	0.6001201622524418	0.0	0.0	0.0	0.0	0.0	0.0	0.0	0.0	0.0	0.0	0.0	0.0	0.0	0.3980776749609143
0.0	0.03879310349137932	0.0	0.0	0.0	0.0	0.0	0.17672411590517045	0.0	0.0	0.0	0.0	0.0	0.0	0.0	0.0	0.0	0.0	0.0	0.07758621698275953	0.0	0.0	0.0	0.0	0.0	0.0	0.0	0.0	0.0	0.0	0.5301724477155203	0.0	0.0	0.0	0.0	0.0	0.0	0.0	0.0	0.0	0.0	0.17672411590517045	0.0	0.0	0.0
0.0	0.023809521904761755	0.0	0.0	0.0	0.1428571114285689	0.0	0.0	0.0	0.0	0.0	0.0	0.0	0.0	0.0	0.0	0.0	0.0	0.0	0.0	0.0	0.0	0.0	0.0	0.0	0.0	0.0	0.3333333266666661	0.0	0.0	0.3571429285714344	0.0	0.0	0.0	0.0	0.0	0.0	0.0	0.0	0.0	0.0	0.1428571114285689	0.0	0.0	0.0
0.0	0.0	0.0	0.0	0.0	0.0	0.0	0.18181818363636346	0.0	0.0	0.0	0.0	0.0	0.0	0.0	0.0	0.0	0.0	0.0	0.0	0.0	0.0	0.0	0.0	0.0	0.0	0.0	0.0	0.0	0.0	0.5454545509090903	0.09090908181818262	0.0	0.0	0.0	0.0	0.0	0.0	0.0	0.0	0.0	0.18181818363636346	0.0	0.0	0.0
0.0	0.0	0.0	0.0	0.0	0.0	0.0	0.2222200222220022	0.0	0.0	0.0	0.0	0.0	0.0	0.0	0.0	0.0	0.0	0.0	0.0	0.0	0.2222233222223322	0.0	0.0	0.0	0.0	0.0	0.0	0.0	0.0	0.5555566555556656	0.0	0.0	0.0	0.0	0.0	0.0	0.0	0.0	0.0	0.0	0.0	0.0	0.0	0.0
0.0	0.0	0.0	0.0	0.0	0.1289740128974013	0.0	0.0	0.0	0.0	0.0	0.0	0.0	0.0	0.0	0.0	0.0	0.0	0.0	0.0	0.021676302167630217	0.0	0.0	0.0	0.0	0.0	0.0	0.0	0.0	0.0	0.5054190505419051	0.17196531719653171	0.0	0.0	0.0	0.0	0.0	0.0	0.0	0.0	0.0	0.17196531719653171	0.0	0.0	0.0
0.0	0.05660378	0.0	0.0	0.0	0.0	0.0	0.0	0.0	0.0	0.0	0.0	0.0	0.0	0.0	0.0	0.0	0.0	0.0	0.0	0.0	0.0	0.0	0.0	0.0	0.0	0.0	0.0	0.0	0.0	0.6792453	0.0	0.0	0.0	0.01886792	0.0	0.0	0.0	0.0	0.0	0.0	0.24528300000000006	0.0	0.0	0.0
0.0	0.037105745881262205	0.002226344752875732	0.0	0.0	0.0	0.0	0.0	0.0	0.0	0.0	0.0	0.0	0.0	0.0	0.0	0.0	0.0	0.0	0.0	0.0	0.0	0.0	0.0	0.0	0.005565862382189275	0.0	0.0	0.0	0.0	0.6738404252037128	0.0	0.0	0.0	0.0315398864990726	0.0	0.0	0.0	0.0	0.0	0.0	0.2441558728986981	0.005565862382189275	0.0	0.0
0.0	0.04449755044497551	0.0	0.0	0.0	0.0	0.0	0.218842602188426	0.0	0.0	0.0	0.0	0.0	0.130807401308074	0.0	0.0	0.0	0.0	0.0	0.0	0.0	0.02680584026805841	0.0	0.0	0.0	0.0	0.0	0.0	0.0	0.0	0.5790466057904661	0.0	0.0	0.0	0.0	0.0	0.0	0.0	0.0	0.0	0.0	0.0	0.0	0.0	0.0
0.0	0.01856765907161705	0.0	0.0	0.0	0.0	0.0	0.2287084885645756	0.0	0.0	0.0	0.0	0.0	0.13729259313537034	0.0	0.0	0.0	0.0	0.018611549069422542	0.0	0.0	0.027829038608548073	0.0	0.0	0.0	0.0	0.0	0.0	0.0	0.0	0.5689906715504665	0.0	0.0	0.0	0.0	0.0	0.0	0.0	0.0	0.0	0.0	0.0	0.0	0.0	0.0
0.0	0.0	0.0	0.0	0.0	0.0	0.0	0.25603228207774026	0.0	0.0	0.0	0.0	0.0	0.0	0.0	0.0	0.0	0.0	0.0	0.046917256715792034	0.0	0.0	0.0	0.0	0.0	0.0	0.017426408780151385	0.0	0.0	0.0	0.5227877634048566	0.0	0.0	0.0	0.0	0.0	0.0	0.0	0.0	0.0	0.0	0.15683628902145974	0.0	0.0	0.0
0.0	0.0	0.0	0.0	0.0	0.0	0.0	0.0	0.0	0.0	0.0	0.0	0.0	0.0	0.0	0.0	0.0	0.0	0.0	0.0	0.0	0.0	0.0	0.0	0.0	0.11607141160714116	0.0	0.0	0.0	0.0	0.5535714553571456	0.0	0.0	0.0	0.0	0.0	0.0	0.0	0.0	0.0	0.0	0.0	0.0	0.0	0.3303571330357133
0.0	0.0	0.0	0.0	0.10379579065837884	0.0	0.0	0.30702047236815744	0.0	0.0	0.0	0.0	0.0	0.0	0.0	0.0	0.0	0.0	0.0	0.13436348790728606	0.02284178794423908	0.0	0.0	0.0	0.0	0.0	0.0	0.0	0.0	0.0	0.4319784611219385	0.0	0.0	0.0	0.0	0.0	0.0	0.0	0.0	0.0	0.0	0.0	0.0	0.0	0.0
0.0	0.0	0.0	0.0	0.0	0.0	0.0	0.2127659787234021	0.0	0.0	0.0	0.0	0.0	0.0	0.0	0.0	0.0	0.0	0.0	0.0	0.0	0.0	0.0	0.0	0.0	0.0	0.0	0.0	0.0	0.0	0.5744680425531957	0.02127659787234021	0.0	0.0	0.0	0.0	0.0	0.0	0.0	0.0	0.0	0.1914893808510619	0.0	0.0	0.0
0.0	0.02300414138024848	0.0	0.0	0.0	0.13329080799744847	0.0	0.0	0.0	0.0	0.0	0.0	0.0	0.0	0.0	0.0	0.0	0.0	0.0	0.0	0.0	0.0	0.0	0.0	0.0	0.0	0.0	0.0	0.0	0.0	0.5605533336331999	0.10115060606903636	0.0	0.0	0.0	0.0	0.0	0.0	0.0	0.0	0.0	0.18200111092006668	0.0	0.0	0.0
0.0	0.0	0.0	0.0	0.0	0.0	0.0	0.18181818181818185	0.0	0.0	0.0	0.0	0.0	0.0	0.0	0.0	0.0	0.0	0.0	0.0	0.0	0.0	0.0	0.0	0.0	0.0	0.0	0.045454545454545456	0.0	0.0	0.5454545454545454	0.0	0.0	0.0	0.045454545454545456	0.0	0.0	0.0	0.0	0.0	0.0	0.18181818181818185	0.0	0.0	0.0
0.0	0.0559293532884776	0.0	0.0	0.0	0.0	0.0	0.19767407627911088	0.0	0.0	0.0	0.0	0.0	0.1182817858061857	0.0	0.0	0.0	0.0	0.0	0.0	0.0	0.04057155513141339	0.0	0.0	0.0	0.0	0.0	0.0	0.0	0.0	0.5875432294948125	0.0	0.0	0.0	0.0	0.0	0.0	0.0	0.0	0.0	0.0	0.0	0.0	0.0	0.0
0.0	0.0	0.0	0.0	0.0	0.0	0.0	0.1428571085714265	0.0	0.0	0.0	0.0	0.0	0.2040816122448968	0.0	0.0	0.0	0.0	0.0	0.0	0.0	0.010204080612244835	0.0	0.0	0.0	0.0	0.0	0.0	0.0	0.0	0.6224490373469422	0.0	0.0	0.020408161224489667	0.0	0.0	0.0	0.0	0.0	0.0	0.0	0.0	0.0	0.0	0.0
0.0	0.0	0.0	0.0	0.0	0.0	0.0	0.0	0.0	0.0	0.0	0.0	0.0	0.0	0.0	0.0	0.0	0.0	0.0	0.0	0.0	0.0	0.0	0.06600089396005362	0.0	0.0	0.0	0.0	0.0	0.0	0.11881320712879245	0.6177868370672102	0.0	0.0	0.0818925849135551	0.0	0.0	0.017003791020227463	0.0	0.0	0.0	0.09850268591016116	0.0	0.0	0.0
0.0	0.0	0.0	0.0	0.0	0.0	0.0	0.2197801934065942	0.0	0.0	0.0	0.0	0.0	0.0	0.0	0.0	0.0	0.0	0.0	0.03296702901098913	0.0	0.0	0.0	0.0	0.0	0.0	0.0	0.0	0.0	0.0	0.5604395831868125	0.0	0.0	0.0	0.0	0.0	0.0	0.0	0.0	0.0	0.0	0.18681319439560412	0.0	0.0	0.0
0.0	0.0	0.0	0.0	0.0	0.0	0.0	0.0	0.0	0.0	0.0	0.0	0.0	0.0	0.0	0.0	0.0	0.0	0.08	0.06	0.0	0.0	0.0	0.0	0.0	0.0	0.0	0.02	0.0	0.0	0.6	0.0	0.0	0.0	0.0	0.0	0.0	0.0	0.0	0.0	0.0	0.24	0.0	0.0	0.0
0.0	0.0	0.0	0.0	0.0	0.0	0.0	0.0	0.0	0.0	0.0	0.0	0.0	0.21978122197812225	0.0	0.0	0.0	0.0	0.0	0.0	0.0	0.0	0.0	0.0	0.0	0.0	0.0	0.0	0.0	0.0	0.6263749626374963	0.0	0.0	0.0	0.0	0.0	0.0	0.15384381538438152	0.0	0.0	0.0	0.0	0.0	0.0	0.0
0.0	0.0	0.0	0.0	0.0	0.0	0.0	0.0	0.0	0.0	0.0	0.0	0.0	0.22197510000000004	0.0	0.0	0.0	0.0	0.0	0.0	0.0	0.0	0.0	0.0	0.0	0.0	0.0	0.0	0.0	0.0	0.6293001	0.0	0.0	0.0	0.14872480000000002	0.0	0.0	0.0	0.0	0.0	0.0	0.0	0.0	0.0	0.0
0.0	0.0	0.0	0.0	0.0	0.0	0.0	0.1791907749132915	0.0	0.0	0.0	0.0	0.0	0.0	0.0	0.0	0.0	0.0	0.0	0.05202311271676421	0.0	0.0	0.0	0.0	0.0	0.0	0.0	0.0	0.0	0.0	0.5375722247398886	0.0	0.0	0.0	0.0	0.0	0.0	0.05202311271676421	0.0	0.0	0.0	0.1791907749132915	0.0	0.0	0.0
0.0	0.0	0.0	0.0	0.0	0.0	0.0	0.24115759276527224	0.0	0.0	0.0	0.0	0.0	0.09807073705787787	0.0	0.0	0.0	0.0	0.0	0.0	0.0	0.0983386870498394	0.0	0.0	0.0	0.0	0.0	0.0	0.0	0.0	0.5624329831270104	0.0	0.0	0.0	0.0	0.0	0.0	0.0	0.0	0.0	0.0	0.0	0.0	0.0	0.0
0.0	0.04885672097713443	0.0	0.0	0.0	0.0	0.0	0.2130854042617081	0.0	0.0	0.0	0.0	0.0	0.12735140254702804	0.0	0.0	0.0	0.0	0.0	0.0	0.0	0.029357260587145214	0.0	0.0	0.0	0.0	0.0	0.0	0.0	0.0	0.5813492116269842	0.0	0.0	0.0	0.0	0.0	0.0	0.0	0.0	0.0	0.0	0.0	0.0	0.0	0.0
0.0	0.044551935990325774	0.0	0.0	0.0	0.0	0.0	0.21640998052310176	0.0	0.0	0.0	0.0	0.0	0.12924878836760906	0.0	0.0	0.0	0.0	0.0	0.0	0.0	0.029786147319246743	0.0	0.0	0.0	0.0	0.0	0.0	0.0	0.0	0.5800031477997167	0.0	0.0	0.0	0.0	0.0	0.0	0.0	0.0	0.0	0.0	0.0	0.0	0.0	0.0
0.0	0.0	0.0	0.0	0.0	0.0	0.0	0.2148540914058364	0.0	0.0	0.0	0.0	0.0	0.0	0.0	0.0	0.0	0.010610079575596816	0.0	0.0716180371352785	0.0	0.04774535809018568	0.0	0.0	0.0	0.0	0.021220159151193636	0.0	0.0	0.0	0.5172413793103449	0.0	0.0	0.0	0.0	0.0	0.0	0.0	0.0	0.0	0.0	0.1167108953315642	0.0	0.0	0.0
0.0	0.0	0.01138764076297193	0.0	0.0	0.12514920838499696	0.0	0.0	0.0	0.0	0.0	0.0	0.0	0.0	0.0	0.0	0.0	0.0	0.0	0.0	0.0	0.0	0.00408669327380845	0.0	0.0	0.0	0.0	0.0	0.0	0.0	0.5180687347106052	0.15928921067237714	0.0	0.0	0.0	0.0	0.0	0.0	0.0	0.0	0.0	0.18201851219524032	0.0	0.0	0.0
0.0	0.0	0.0	0.0	0.0	0.0	0.0	0.22727268863636554	0.0	0.0	0.0	0.0	0.0	0.0	0.0	0.0	0.0	0.0	0.0	0.045454547727272615	0.0	0.0	0.0	0.0	0.0	0.0	0.0	0.0	0.0	0.0	0.5454545727272713	0.0	0.0	0.0	0.0	0.0	0.0	0.0	0.0	0.0	0.0	0.18181819090909046	0.0	0.0	0.0
0.0	0.0	0.0	0.0	0.0	0.0	0.0	0.0	0.0	0.0	0.0	0.0	0.0	0.0	0.0	0.0	0.0	0.0	0.0	0.0	0.01724138	0.0	0.0	0.0	0.0	0.03448276	0.0	0.0	0.0	0.0	0.6724138000000001	0.0	0.0	0.01724138	0.0	0.0	0.0	0.01724138	0.0	0.0	0.0	0.2413793	0.0	0.0	0.0
0.0	0.0	0.0	0.0	0.0	0.0	0.0	0.17021278297872167	0.0	0.0	0.0	0.0	0.0	0.1914893808510619	0.0	0.0	0.0	0.0	0.0	0.0	0.0	0.010638298936170104	0.0	0.0	0.0	0.0	0.0	0.0	0.0	0.0	0.6063829393617061	0.0	0.0	0.02127659787234021	0.0	0.0	0.0	0.0	0.0	0.0	0.0	0.0	0.0	0.0	0.0
0.0	0.0	0.0	0.0	0.0	0.0	0.0	0.0	0.0	0.07594966303798653	0.0	0.0	0.0	0.2531644101265764	0.0	0.0	0.0	0.0	0.0	0.0	0.0	0.0	0.0	0.0	0.0	0.0	0.0	0.0	0.0	0.0	0.670885926835437	0.0	0.0	0.0	0.0	0.0	0.0	0.0	0.0	0.0	0.0	0.0	0.0	0.0	0.0
0.0	0.0	0.0	0.0	0.0	0.0	0.0	0.0	0.0	0.0	0.0	0.0	0.0	0.0	0.0	0.0	0.0	0.0	0.0	0.0	0.017094021726496197	0.0	0.0	0.0	0.0	0.05128205517948759	0.0	0.0	0.0	0.0	0.6666666673333334	0.0	0.0	0.0	0.0	0.0	0.0	0.017094021726496197	0.0	0.0	0.0	0.2393162241709387	0.008547009863247997	0.0	0.0
0.0	0.0	0.0	0.0	0.0	0.0	0.0	0.0	0.0	0.0	0.0	0.0	0.0	0.0	0.0	0.0	0.0	0.0	0.0	0.0	0.0	0.0	0.0	0.06601097528087803	0.0	0.0	0.0	0.0	0.0	0.0	0.1075624086049927	0.631533950522716	0.0	0.0	0.08162464652997171	0.0	0.0	0.016337481306998504	0.0	0.0	0.0	0.096930537754443	0.0	0.0	0.0
0.0	0.0	0.0	0.0	0.0	0.15509260000000002	0.0	0.0	0.0	0.0	0.0	0.0	0.0	0.0	0.0	0.0	0.0	0.0	0.0	0.0	0.0	0.0	0.0	0.0	0.0	0.0	0.0	0.31018520000000005	0.0	0.0	0.3819444	0.0	0.0	0.0	0.0	0.0	0.0	0.0	0.0	0.0	0.0	0.1527778	0.0	0.0	0.0
0.0	0.0	0.0	0.0	0.0	0.0	0.0	0.0	0.0	0.0	0.0	0.0	0.0	0.0	0.0	0.0	0.0	0.0	0.0	0.0	0.0	0.0	0.0	0.0	0.0	0.17532469649350604	0.0	0.08225107835497843	0.0	0.0	0.5259739894805202	0.0	0.0	0.0	0.0	0.04112553917748921	0.0	0.0	0.0	0.0	0.0	0.17532469649350604	0.0	0.0	0.0
0.0	0.0	0.0	0.0	0.0	0.08972685999999999	0.0	0.0	0.0	0.0	0.0	0.0	0.0	0.0	0.0	0.0	0.0	0.0	0.0	0.0	0.0	0.0	0.0	0.0	0.0	0.0	0.01496174	0.0	0.0	0.0	0.5177391	0.1794537	0.0	0.0	0.0	0.0	0.0	0.0	0.0	0.0	0.0	0.1981186	0.0	0.0	0.0
0.0	0.0	0.0	0.0	0.114649698853503	0.0	0.0	0.28662419713375803	0.0	0.0	0.0	0.0	0.0	0.0	0.0	0.0	0.0	0.0	0.0	0.095541399044586	0.025477709745222902	0.0	0.0	0.0	0.0	0.0	0.0	0.0	0.0	0.0	0.4777069952229301	0.0	0.0	0.0	0.0	0.0	0.0	0.0	0.0	0.0	0.0	0.0	0.0	0.0	0.0
0.0	0.0	0.0	0.0	0.0	0.0	0.0	0.3711667	0.0	0.0	0.0	0.0	0.0	0.0	0.0	0.0	0.0	0.0	0.0	0.2423335	0.1288333	0.0	0.0	0.0	0.0	0.0	0.0	0.0	0.0	0.0	0.2576665	0.0	0.0	0.0	0.0	0.0	0.0	0.0	0.0	0.0	0.0	0.0	0.0	0.0	0.0
0.0	0.0	0.0	0.0	0.0	0.0	0.0	0.23214291160714556	0.0	0.0	0.0	0.0	0.0	0.0	0.0	0.0	0.0	0.0	0.0	0.017857250892862546	0.0	0.2142857107142855	0.0	0.0	0.0	0.0	0.0	0.0	0.0	0.0	0.5357141267857063	0.0	0.0	0.0	0.0	0.0	0.0	0.0	0.0	0.0	0.0	0.0	0.0	0.0	0.0
0.0	0.0	0.0	0.0	0.0	0.0	0.0	0.1914893808510619	0.0	0.02127659787234021	0.0	0.0	0.0	0.0	0.0	0.0	0.0	0.0	0.0	0.02127659787234021	0.0	0.0	0.0	0.0	0.0	0.0	0.0	0.0	0.0	0.0	0.5744680425531957	0.0	0.0	0.0	0.0	0.0	0.0	0.0	0.0	0.0	0.0	0.1914893808510619	0.0	0.0	0.0
0.0	0.0	0.0	0.0	0.0	0.0	0.0	0.37037040000000004	0.0	0.0	0.0	0.0	0.0	0.0	0.0	0.0	0.0	0.0	0.0	0.11111109999999998	0.0	0.0	0.0	0.0	0.0	0.0	0.0	0.0	0.0	0.0	0.3888888999999999	0.0	0.0	0.0	0.0	0.0	0.0	0.0	0.12962959999999998	0.0	0.0	0.0	0.0	0.0	0.0
0.0	0.0	0.0	0.0	0.0	0.0	0.0	0.27643501658610103	0.0	0.0	0.0	0.0	0.0	0.0	0.0	0.0	0.0	0.0	0.0	0.044587082675224966	0.0	0.0	0.0	0.0	0.0	0.0	0.01656036099362166	0.0	0.0	0.0	0.5133738308024298	0.0	0.0	0.0	0.0	0.0	0.0	0.0	0.0	0.0	0.0	0.14904370894262256	0.0	0.0	0.0
0.0	0.0	0.0	0.0	0.0	0.0	0.0	0.22727268863636554	0.0	0.0	0.0	0.0	0.0	0.0	0.0	0.0	0.0	0.0	0.0	0.045454547727272615	0.0	0.0	0.0	0.0	0.0	0.0	0.0	0.0	0.0	0.0	0.5454545727272713	0.0	0.0	0.0	0.0	0.0	0.0	0.0	0.0	0.0	0.0	0.18181819090909046	0.0	0.0	0.0
0.0	0.0	0.0	0.0	0.0	0.11458330000000001	0.0	0.0	0.0	0.0	0.0	0.0	0.0	0.0	0.0	0.0	0.0	0.0	0.0	0.0	0.0	0.0	0.0	0.0	0.0	0.0	0.0	0.2291667	0.0	0.0	0.46875	0.0	0.0	0.0	0.0	0.0	0.0	0.0	0.0	0.0	0.0	0.1875	0.0	0.0	0.0
0.0	0.0	0.0	0.0	0.0	0.0	0.0	0.17647058941176466	0.0	0.0	0.0	0.0	0.0	0.0	0.0	0.0	0.0	0.0	0.0	0.05882352647058841	0.0	0.0	0.0	0.0	0.0	0.05882352647058841	0.0	0.0	0.0	0.0	0.529411768235294	0.0	0.0	0.0	0.0	0.0	0.0	0.0	0.0	0.0	0.0	0.17647058941176466	0.0	0.0	0.0
0.0	0.0	0.0	0.0	0.0	0.0	0.0	0.0	0.0	0.0	0.0	0.0	0.0	0.0	0.0	0.0	0.0	0.0	0.0	0.0	0.0	0.0	0.0	0.0	0.0	0.16666669166666542	0.0	0.1111110944444453	0.0	0.0	0.4999999750000013	0.0	0.0	0.0	0.0	0.05555554722222265	0.0	0.0	0.0	0.0	0.0	0.16666669166666542	0.0	0.0	0.0
0.0	0.0	0.0	0.0	0.03190312840484358	0.0	0.0	0.2181780890910956	0.0	0.0	0.0	0.0	0.0	0.13108569344571533	0.0	0.0	0.0	0.0	0.0	0.0	0.0	0.028773518561324075	0.0	0.0	0.0	0.0	0.0	0.0	0.0	0.0	0.5900595704970214	0.0	0.0	0.0	0.0	0.0	0.0	0.0	0.0	0.0	0.0	0.0	0.0	0.0	0.0
0.0	0.0	0.0	0.0	0.0	0.0	0.0	0.18181818181818185	0.0	0.0	0.0	0.0	0.0	0.0	0.0	0.0	0.0	0.0	0.0	0.045454545454545456	0.0	0.0	0.0	0.0	0.0	0.045454545454545456	0.0	0.0	0.0	0.0	0.5454545454545454	0.0	0.0	0.0	0.0	0.0	0.0	0.0	0.0	0.0	0.0	0.18181818181818185	0.0	0.0	0.0
0.0	0.04286818600154605	0.0	0.0	0.017809442493321948	0.0	0.0	0.19557712738079785	0.0	0.0	0.0	0.0	0.0	0.11726251641675232	0.0	0.0	0.0	0.0	0.0	0.0	0.0	0.03212434449740823	0.0	0.0	0.0	0.0	0.0	0.0	0.0	0.0	0.5943583832101736	0.0	0.0	0.0	0.0	0.0	0.0	0.0	0.0	0.0	0.0	0.0	0.0	0.0	0.0
0.0	0.0	0.0	0.0	0.0	0.0	0.0	0.1890725132350759	0.0	0.0	0.0	0.0	0.0	0.09523783666664856	0.0	0.0	0.0	0.0	0.0	0.0	0.0	0.1276863089380416	0.0	0.0	0.0	0.0	0.0	0.0	0.0	0.0	0.5880033411602338	0.0	0.0	0.0	0.0	0.0	0.0	0.0	0.0	0.0	0.0	0.0	0.0	0.0	0.0
0.0	0.050461294953870514	0.0	0.0	0.0	0.0	0.0	0.2204481779551822	0.0	0.0	0.0	0.0	0.0	0.13154928684507128	0.0	0.0	0.0	0.0	0.0	0.0	0.0	0.030387396961260305	0.0	0.0	0.0	0.0	0.0	0.0	0.0	0.0	0.5671538432846156	0.0	0.0	0.0	0.0	0.0	0.0	0.0	0.0	0.0	0.0	0.0	0.0	0.0	0.0
0.0	0.03846254346162892	0.0	0.0	0.0	0.0	0.0	0.250001022500092	0.0	0.0	0.0	0.0	0.0	0.0	0.0	0.0	0.0	0.0	0.0	0.019230771730769456	0.0	0.0	0.0	0.0	0.0	0.0	0.0	0.0	0.0	0.0	0.5384605484614494	0.0	0.0	0.0	0.0	0.0	0.0	0.0	0.0	0.0	0.0	0.15384511384606026	0.0	0.0	0.0
0.0	0.0	0.0	0.0	0.0	0.0	0.0	0.0	0.0	0.0	0.0	0.0	0.0	0.0	0.0	0.0	0.0	0.0	0.0	0.0	0.01724138	0.0	0.0	0.0	0.0	0.01724138	0.0	0.0	0.0	0.0	0.6724138000000001	0.0	0.0	0.01724138	0.0	0.0	0.0	0.03448276	0.0	0.0	0.0	0.2413793	0.0	0.0	0.0
0.0	0.0	0.0	0.0	0.0	0.0	0.0	0.0	0.0	0.027272731909091238	0.0	0.0	0.0	0.2272727159090901	0.0	0.0	0.0	0.0	0.0	0.0	0.0	0.0	0.0	0.0	0.0	0.0	0.0	0.0	0.0	0.0	0.636363644545455	0.0	0.0	0.0	0.0	0.0	0.0	0.10909090763636352	0.0	0.0	0.0	0.0	0.0	0.0	0.0
0.0	0.0	0.0	0.0	0.0	0.0	0.0	0.22727268863636554	0.0	0.0	0.0	0.0	0.0	0.0	0.0	0.0	0.0	0.0	0.0	0.045454547727272615	0.0	0.0	0.0	0.0	0.0	0.0	0.0	0.0	0.0	0.0	0.5454545727272713	0.0	0.0	0.0	0.0	0.0	0.0	0.0	0.0	0.0	0.0	0.18181819090909046	0.0	0.0	0.0
0.0	0.0	0.0	0.0	0.0	0.15411359244843395	0.0	0.0	0.0	0.0	0.0	0.0	0.0	0.0	0.0	0.0	0.0	0.0	0.0011587489432213017	0.0	0.0	0.0	0.0	0.0	0.0	0.0	0.0	0.3082270848968728	0.0	0.0	0.3835457812062567	0.0	0.0	0.0	0.0	0.0	0.0	0.0	0.0	0.0	0.0	0.15295479250521515	0.0	0.0	0.0
0.0	0.0	0.0	0.0	0.0	0.0	0.0	0.3500005175000259	0.0	0.0	0.09999965499998276	0.0	0.0	0.0	0.0	0.0	0.0	0.0	0.0	0.1500012075000604	0.0	0.0	0.0	0.0	0.0	0.0	0.0	0.0	0.0	0.0	0.399998619999931	0.0	0.0	0.0	0.0	0.0	0.0	0.0	0.0	0.0	0.0	0.0	0.0	0.0	0.0
0.0	0.0	0.0	0.0	0.0	0.0	0.0	0.0	0.0	0.0	0.0	0.0	0.0	0.0	0.0	0.0	0.0	0.0	0.0	0.0	0.0	0.0	0.0	0.0	0.0	0.02459016098360644	0.0	0.0	0.0	0.0	0.5901639236065569	0.0	0.0	0.0	0.0	0.0	0.0	0.0	0.0	0.0	0.0	0.0	0.0	0.0	0.3852459154098367
0.0	0.0	0.0	0.0	0.0	0.0	0.0	0.3448276137931046	0.0	0.0	0.0	0.0	0.0	0.0	0.0	0.0	0.0	0.0	0.0	0.034482761379310466	0.0	0.15517240620689626	0.0	0.0	0.0	0.0	0.0	0.0	0.0	0.0	0.4655172186206888	0.0	0.0	0.0	0.0	0.0	0.0	0.0	0.0	0.0	0.0	0.0	0.0	0.0	0.0
0.0	0.0	0.0	0.0	0.0	0.0	0.0	0.2197801934065942	0.0	0.0	0.0	0.0	0.0	0.0	0.0	0.0	0.0	0.0	0.0	0.0	0.0	0.0	0.0	0.0	0.0	0.0	0.0	0.03296702901098913	0.0	0.0	0.5604395831868125	0.0	0.0	0.0	0.0	0.0	0.0	0.0	0.0	0.0	0.0	0.18681319439560412	0.0	0.0	0.0
0.0	0.0	0.0	0.0	0.0	0.0	0.0	0.25000088999996445	0.0	0.0	0.0	0.0	0.0	0.0	0.0	0.0	0.0	0.0	0.0	0.08333363666665454	0.0	0.19444399222224032	0.0	0.0	0.0	0.0	0.0	0.0	0.0	0.0	0.4722214811111408	0.0	0.0	0.0	0.0	0.0	0.0	0.0	0.0	0.0	0.0	0.0	0.0	0.0	0.0
0.0	0.0	0.0	0.0	0.0	0.0	0.0	0.0	0.0	0.0	0.0	0.0	0.0	0.0	0.0	0.0	0.0	0.0	0.0	0.0	0.01724138	0.0	0.0	0.0	0.0	0.05172414	0.0	0.0	0.0	0.0	0.6724138000000001	0.0	0.0	0.00862069	0.0	0.00862069	0.0	0.0	0.0	0.0	0.0	0.2413793	0.0	0.0	0.0
0.0	0.0	0.0	0.0	0.0	0.0	0.0	0.2197801934065942	0.0	0.0	0.0	0.0	0.0	0.0	0.0	0.0	0.0	0.0	0.0	0.0	0.0	0.0	0.0	0.0	0.0	0.0	0.0	0.0	0.0	0.0	0.5604395831868125	0.03296702901098913	0.0	0.0	0.0	0.0	0.0	0.0	0.0	0.0	0.0	0.18681319439560412	0.0	0.0	0.0
0.0	0.07777784622222769	0.0	0.0	0.0	0.0	0.0	0.18888861511108926	0.0	0.0	0.0	0.0	0.0	0.0	0.0	0.0	0.0	0.0	0.0	0.033332982666638616	0.0	0.0	0.0	0.0	0.0	0.0	0.0	0.0	0.0	0.0	0.5444448435555875	0.0	0.0	0.0	0.0	0.0	0.0	0.0	0.0	0.0	0.0	0.155555712444457	0.0	0.0	0.0
0.0	0.0	0.0	0.0	0.0	0.0	0.0	0.2719322	0.0	0.0	0.0	0.0	0.0	0.0	0.0	0.0	0.0	0.0	0.0	0.043860800000000005	0.0	0.0	0.0	0.0	0.0	0.0	0.0	0.0	0.0	0.0	0.5213009000000001	0.0	0.0	0.0	0.0	0.0	0.0	0.0	0.0	0.0	0.0	0.16290610000000003	0.0	0.0	0.0
0.0	0.051562371546871134	0.0	0.0	0.0	0.0	0.0	0.2435719073071572	0.0	0.0	0.0	0.0	0.0	0.11057570331727112	0.0	0.0	0.0	0.0	0.0	0.0	0.0	0.030980000929400037	0.0	0.0	0.0	0.0	0.0	0.0	0.0	0.0	0.5633100168993005	0.0	0.0	0.0	0.0	0.0	0.0	0.0	0.0	0.0	0.0	0.0	0.0	0.0	0.0
0.0	0.3346007765779456	0.0	0.0	0.0	0.0	0.0	0.0	0.0	0.0	0.0	0.0	0.0	0.0	0.0	0.0	0.0	0.0	0.0	0.3878326728517129	0.0	0.0	0.0	0.0	0.0	0.0	0.0	0.0	0.0	0.04562736680608432	0.23193918376425715	0.0	0.0	0.0	0.0	0.0	0.0	0.0	0.0	0.0	0.0	0.0	0.0	0.0	0.0
0.0	0.0	0.0	0.0	0.0	0.0	0.0	0.2352941164705882	0.0	0.0	0.0	0.0	0.0	0.05882353411764739	0.0	0.0	0.0	0.0	0.0	0.0	0.0	0.14705881029411672	0.0	0.0	0.0	0.0	0.0	0.0	0.0	0.0	0.5588235391176478	0.0	0.0	0.0	0.0	0.0	0.0	0.0	0.0	0.0	0.0	0.0	0.0	0.0	0.0
0.0	0.0	0.0	0.0	0.0	0.0	0.0	0.1928575922856963	0.0	0.0	0.0	0.0	0.0	0.0	0.0	0.0	0.0	0.0	0.0	0.0595244676190213	0.0	0.0	0.0	0.0	0.0	0.04285676828572926	0.0	0.0	0.0	0.0	0.5285707788571689	0.0	0.0	0.0	0.0	0.0	0.0	0.0	0.0	0.0	0.0	0.17619039295238426	0.0	0.0	0.0
0.0	0.0102040901020409	0.0	0.0	0.0	0.11224520112245202	0.0	0.0	0.0	0.0	0.0	0.0	0.0	0.0	0.0	0.0	0.0	0.0	0.0	0.0	0.0	0.0	0.0	0.0	0.0	0.0	0.0	0.22449040224490405	0.0	0.0	0.4693871046938711	0.0	0.0	0.0	0.0	0.0	0.0	0.0	0.0	0.0	0.0	0.183673201836732	0.0	0.0	0.0
0.0	0.0	0.0	0.0	0.0	0.0	0.0	0.4481927448192745	0.0	0.0	0.0	0.0	0.0	0.0	0.0	0.0	0.0	0.0	0.0	0.13734881373488134	0.10361461036146104	0.0	0.0	0.0	0.0	0.0	0.0	0.0	0.0	0.0	0.3108438310843831	0.0	0.0	0.0	0.0	0.0	0.0	0.0	0.0	0.0	0.0	0.0	0.0	0.0	0.0
0.0	0.0	0.0	0.0	0.0	0.0	0.0	0.0	0.0	0.0	0.0	0.0	0.0	0.0	0.0	0.0	0.0	0.0	0.0	0.0	0.01724138	0.0	0.0	0.0	0.0	0.0	0.0	0.0	0.0	0.0	0.6724138000000001	0.0	0.0	0.00862069	0.0	0.00862069	0.0	0.05172414	0.0	0.0	0.0	0.2413793	0.0	0.0	0.0
0.0	0.0	0.0	0.0	0.0	0.0	0.0	0.0	0.0	0.0	0.0	0.0	0.0	0.0	0.0	0.0	0.0	0.0	0.0	0.0	0.017094021726496197	0.0	0.0	0.0	0.0	0.05128205517948759	0.0	0.0	0.0	0.0	0.6666666673333334	0.0	0.0	0.0	0.0	0.008547009863247997	0.0	0.017094021726496197	0.0	0.0	0.0	0.2393162241709387	0.0	0.0	0.0
0.0	0.0	0.0	0.0	0.0	0.0	0.0	0.3333333333333333	0.0	0.0	0.11111111111111112	0.0	0.0	0.0	0.0	0.0	0.0	0.0	0.0	0.11111111111111112	0.0	0.0	0.0	0.0	0.0	0.0	0.0	0.0	0.0	0.0	0.4444444444444445	0.0	0.0	0.0	0.0	0.0	0.0	0.0	0.0	0.0	0.0	0.0	0.0	0.0	0.0
0.0	0.0	0.0	0.0	0.0	0.0	0.0	0.2409638855421669	0.0	0.0	0.0	0.0	0.0	0.0	0.0	0.0	0.0	0.0	0.012048189277108642	0.04819276710843397	0.0	0.0	0.0	0.0	0.0	0.0	0.0	0.0	0.0	0.0	0.5301204681927718	0.0	0.0	0.0	0.0	0.0	0.0	0.0	0.0	0.0	0.0	0.1686746898795186	0.0	0.0	0.0
0.0	0.03524317330379708	0.0	0.0	0.0	0.0	0.004451954154128712	0.0	0.0	0.0	0.0	0.0	0.0	0.0	0.0	0.0	0.0	0.0	0.0	0.0	0.0	0.0	0.0	0.0	0.0	0.0	0.0	0.0	0.0	0.0	0.6750141717473075	0.0	0.0	0.004451954154128712	0.017807446616585145	0.0	0.0	0.017807446616585145	0.0	0.0	0.0	0.2452238534074679	0.0	0.0	0.0
0.0	0.0	0.0	0.0	0.0	0.0	0.0	0.23529409294117726	0.0	0.0	0.0	0.0	0.0	0.0	0.0	0.0	0.0	0.0	0.0	0.0	0.0	0.0	0.0	0.0	0.0	0.0	0.0	0.0	0.0	0.0	0.5294117841176464	0.05882352823529415	0.0	0.0	0.0	0.0	0.0	0.0	0.0	0.0	0.0	0.17647059470588214	0.0	0.0	0.0
0.0	0.0	0.0	0.0	0.0	0.1333333	0.0	0.0	0.0	0.0	0.0	0.0	0.0	0.0	0.0	0.0	0.0	0.0	0.0	0.0	0.0	0.0	0.0	0.0	0.0	0.0	0.0	0.2222222	0.0	0.0	0.4666667000000001	0.0	0.0	0.0	0.0	0.0	0.0	0.0	0.0	0.0	0.0	0.1777778	0.0	0.0	0.0
0.0	0.0	0.0	0.0	0.0	0.0	0.0	0.18181818181818185	0.0	0.0	0.0	0.0	0.0	0.0	0.0	0.0	0.0	0.0	0.0	0.045454545454545456	0.0	0.0	0.0	0.0	0.0	0.0	0.0	0.0	0.0	0.0	0.5454545454545454	0.0	0.0	0.0	0.045454545454545456	0.0	0.0	0.0	0.0	0.0	0.0	0.18181818181818185	0.0	0.0	0.0
0.0	0.0	0.0	0.0	0.0	0.1647991620961927	0.0	0.0	0.0	0.0	0.0	0.0	0.0	0.0	0.0	0.0	0.0	0.0	0.0	0.0	0.032733222471358826	0.0	0.0	0.0	0.0	0.0	0.0	0.0	0.0	0.0	0.4728691912400859	0.18834195668134995	0.0	0.0	0.0	0.0	0.0	0.0	0.0	0.0	0.0	0.14125646751101245	0.0	0.0	0.0
0.0	0.0	0.0	0.0	0.0	0.0	0.0	0.27643501658610103	0.0	0.0	0.0	0.0	0.0	0.0	0.0	0.0	0.0	0.0	0.0	0.044587082675224966	0.01656036099362166	0.0	0.0	0.0	0.0	0.0	0.0	0.0	0.0	0.0	0.5133738308024298	0.0	0.0	0.0	0.0	0.0	0.0	0.0	0.0	0.0	0.0	0.14904370894262256	0.0	0.0	0.0
0.0	0.02474940024749401	0.0	0.0	0.0	0.0	0.0	0.21573750215737506	0.0	0.0	0.0	0.0	0.0	0.12964790129647902	0.0	0.0	0.0	0.0	0.0	0.0	0.0	0.04945929049459291	0.0	0.0	0.0	0.0	0.0	0.0	0.0	0.0	0.5804059058040592	0.0	0.0	0.0	0.0	0.0	0.0	0.0	0.0	0.0	0.0	0.0	0.0	0.0	0.0
0.0	0.011363640681818441	0.0	0.0	0.0	0.1363636081818165	0.0	0.0	0.0	0.0	0.0	0.0	0.0	0.0	0.0	0.0	0.0	0.0	0.0	0.0	0.0	0.0	0.0	0.0	0.0	0.0	0.0	0.2954545177272711	0.0	0.0	0.3977273238636394	0.0	0.0	0.0	0.0	0.0	0.0	0.0	0.0	0.0	0.0	0.15909090954545455	0.0	0.0	0.0
0.0	0.0	0.0	0.0	0.0	0.0	0.0	0.0	0.0	0.0	0.0	0.0	0.0	0.2272727227272723	0.0	0.0	0.0	0.0	0.0	0.0	0.0	0.0	0.0	0.0	0.0	0.0	0.0	0.0	0.0	0.0	0.6363636636363663	0.0	0.0	0.0	0.13636361363636135	0.0	0.0	0.0	0.0	0.0	0.0	0.0	0.0	0.0	0.0
0.0	0.0	0.0	0.0	0.0	0.0	0.0	0.18681318879120865	0.0	0.0	0.0	0.0	0.0	0.0	0.0	0.0	0.0	0.0	0.0	0.0	0.0	0.0	0.0	0.0	0.0	0.0	0.0	0.03296702802197832	0.0	0.0	0.560439566373626	0.0	0.0	0.0	0.03296702802197832	0.0	0.0	0.0	0.0	0.0	0.0	0.18681318879120865	0.0	0.0	0.0
0.0	0.0	0.0	0.0	0.0	0.0	0.0	0.30769476923052314	0.0	0.0	0.0	0.0	0.0	0.0	0.0	0.0	0.0	0.0	0.0	0.0	0.0	0.0	0.0	0.0	0.0	0.0	0.0	0.0	0.0	0.0	0.5384601461539854	0.0	0.0	0.0	0.0	0.0	0.0	0.0	0.0	0.0	0.0	0.15384508461549154	0.0	0.0	0.0
0.0	0.0	0.0	0.0	0.0	0.0	0.0	0.0	0.0	0.0	0.0	0.0	0.0	0.0	0.0	0.0	0.0	0.0	0.0	0.0	0.01724138	0.0	0.0	0.0	0.0	0.02586207	0.0	0.0	0.0	0.0	0.6724138000000001	0.0	0.0	0.01724138	0.0	0.0	0.0	0.02586207	0.0	0.0	0.0	0.2413793	0.0	0.0	0.0
0.0	0.039325555112322164	0.0	0.0	0.0	0.0	0.0	0.21947012853111675	0.0	0.0	0.0	0.0	0.0	0.1318558171412562	0.0	0.0	0.0	0.0	0.0	0.0	0.0	0.030440923957320117	0.0	0.0	0.0	0.0	0.0	0.0	0.0	0.0	0.5789075752579848	0.0	0.0	0.0	0.0	0.0	0.0	0.0	0.0	0.0	0.0	0.0	0.0	0.0	0.0
0.0	0.0	0.0	0.0	0.0	0.0	0.0	0.3703704	0.0	0.0	0.0	0.0	0.0	0.0	0.0	0.0	0.0	0.0	0.0	0.24074070000000006	0.1296296	0.0	0.0	0.0	0.0	0.0	0.0	0.0	0.0	0.0	0.2592593	0.0	0.0	0.0	0.0	0.0	0.0	0.0	0.0	0.0	0.0	0.0	0.0	0.0	0.0
0.0	0.034330850343308496	0.0	0.0	0.0	0.0	0.0	0.22103610221036102	0.0	0.0	0.0	0.0	0.0	0.132064401320644	0.0	0.0	0.0	0.0	0.0	0.0	0.0	0.0344093403440934	0.0	0.0	0.0	0.0	0.0	0.0	0.0	0.0	0.578159305781593	0.0	0.0	0.0	0.0	0.0	0.0	0.0	0.0	0.0	0.0	0.0	0.0	0.0	0.0
0.0	0.0	0.0	0.0	0.0	0.0	0.0	0.1707317	0.0	0.0	0.0	0.0	0.0	0.0	0.0	0.0	0.0	0.0	0.0	0.0	0.0	0.0	0.0	0.0	0.0	0.0	0.0	0.0	0.0	0.0	0.5121951	0.14634149999999999	0.0	0.0	0.0	0.0	0.0	0.0	0.0	0.0	0.0	0.1707317	0.0	0.0	0.0
0.0	0.0	0.0	0.0	0.0	0.13043480000000002	0.0	0.0	0.0	0.0	0.0	0.0	0.0	0.0	0.0	0.0	0.0	0.0	0.0	0.0	0.0	0.0	0.0	0.0	0.0	0.0	0.0	0.26086960000000003	0.0	0.0	0.4347826	0.0	0.0	0.0	0.0	0.0	0.0	0.0	0.0	0.0	0.0	0.173913	0.0	0.0	0.0
0.0	0.0	0.0	0.0	0.0	0.0	0.0	0.2642881129501175	0.0	0.0	0.0	0.0	0.0	0.0	0.0	0.0	0.0	0.0	0.0	0.007142851349999717	0.0	0.0	0.0	0.0	0.0	0.0	0.0	0.0	0.0	0.0	0.5571415272999348	0.0	0.0	0.0	0.0	0.0	0.0	0.0	0.0	0.0	0.0	0.12857040629994992	0.0	0.0	0.04285710209999801
0.0	0.0	0.0	0.0	0.0	0.0	0.0	0.0	0.0	0.0	0.0	0.0	0.0	0.0	0.02083426166674093	0.0	0.0	0.0	0.0	0.0	0.11354980908398472	0.0	0.0	0.0	0.0	0.11522680921814475	0.0	0.0	0.0	0.12171980973758477	0.5558008444640676	0.0	0.017227821378225712	0.0	0.0	0.0	0.0	0.031951822556145815	0.0	0.0	0.0	0.0	0.02368882189510576	0.0	0.0
0.0	0.0	0.0	0.0	0.0	0.0	0.0	0.1932047	0.0	0.0	0.0	0.0	0.0	0.10940350000000001	0.0	0.0	0.0	0.0	0.0	0.0	0.0	0.1090936	0.0	0.0	0.0	0.0	0.0	0.0	0.0	0.0	0.5882982	0.0	0.0	0.0	0.0	0.0	0.0	0.0	0.0	0.0	0.0	0.0	0.0	0.0	0.0
0.0	0.039508948814731534	0.0	0.0	0.0	0.0	0.0	0.2266708931998732	0.0	0.0	0.0	0.0	0.0	0.12918649612440508	0.0	0.0	0.0	0.0	0.0	0.0	0.0	0.029771379106858627	0.0	0.0	0.0	0.0	0.0	0.0	0.0	0.0	0.5748622827541315	0.0	0.0	0.0	0.0	0.0	0.0	0.0	0.0	0.0	0.0	0.0	0.0	0.0	0.0
0.0	0.0	0.0	0.0	0.0	0.0	0.0	0.0	0.0	0.0	0.0	0.0	0.0	0.0	0.0	0.0	0.0	0.0	0.0	0.0	0.01724138	0.0	0.0	0.0	0.0	0.02586207	0.0	0.0	0.0	0.0	0.6724138000000001	0.0	0.0	0.01724138	0.0	0.0	0.0	0.02586207	0.0	0.0	0.0	0.2413793	0.0	0.0	0.0
0.0	0.0	0.0	0.0	0.0	0.0	0.0	0.187675096058823	0.0	0.0	0.0	0.0	0.0	0.0	0.0	0.0	0.0	0.0	0.0	0.13165269723529338	0.0	0.00280112094117646	0.0	0.0	0.0	0.0	0.03921568917647053	0.0	0.0	0.0	0.4705881901176481	0.0	0.0	0.0	0.0	0.0280112094117646	0.0	0.0	0.0	0.0	0.0	0.14005599705882404	0.0	0.0	0.0
0.0	0.0	0.0	0.0	0.0	0.0	0.0	0.0	0.0	0.0	0.0	0.0	0.0	0.0	0.0	0.0	0.0	0.0	0.0	0.0	0.017094021726496197	0.0	0.0	0.0	0.0	0.0	0.0	0.0	0.0	0.0	0.6666666673333334	0.0	0.0	0.0	0.0	0.008547009863247997	0.0	0.06837607690598377	0.0	0.0	0.0	0.2393162241709387	0.0	0.0	0.0
0.0	0.046973382348669115	0.0	0.0	0.0	0.0	0.0	0.21252521062626054	0.0	0.0	0.0	0.0	0.0	0.1270178063508903	0.0	0.0	0.0	0.0	0.0	0.0	0.0	0.031909871595493584	0.0	0.0	0.0	0.0	0.0	0.0	0.0	0.0	0.5815737290786864	0.0	0.0	0.0	0.0	0.0	0.0	0.0	0.0	0.0	0.0	0.0	0.0	0.0	0.0
0.0	0.0	0.0	0.0	0.0	0.0	0.0	0.4000000400000041	0.0	0.0	0.0	0.0	0.0	0.0	0.0	0.0	0.0	0.0	0.0	0.13333331333333132	0.13333331333333132	0.0	0.0	0.0	0.0	0.0	0.0	0.0	0.0	0.0	0.3333333333333333	0.0	0.0	0.0	0.0	0.0	0.0	0.0	0.0	0.0	0.0	0.0	0.0	0.0	0.0
0.0	0.024462159266135226	0.0	0.0	0.0	0.0	0.0	0.2254988932350332	0.0	0.0	0.0	0.0	0.0	0.13478409595647714	0.0	0.0	0.0	0.0	0.0	0.0	0.0	0.03887356883379295	0.0	0.0	0.0	0.0	0.0	0.0	0.0	0.0	0.5763812827085616	0.0	0.0	0.0	0.0	0.0	0.0	0.0	0.0	0.0	0.0	0.0	0.0	0.0	0.0
0.0	0.008314147440649814	0.0	0.0	0.0	0.1024345054290288	0.0	0.0	0.0	0.0	0.0	0.0	0.0	0.0	0.0	0.0	0.0	0.0	0.0	0.0	0.0	0.0	0.0	0.0	0.0	0.0	0.0	0.0	0.0	0.0	0.5614607297574187	0.12292150651483985	0.0	0.0	0.0	0.0	0.0	0.0	0.0	0.0	0.0	0.20486911085806286	0.0	0.0	0.0
0.0	0.0	0.0	0.0	0.0	0.0	0.0	0.0	0.0	0.0	0.0	0.0	0.0	0.0	0.0	0.0	0.0	0.0	0.0	0.0	0.01724138	0.0	0.0	0.0	0.0	0.03448276	0.0	0.0	0.0	0.0	0.6724138000000001	0.0	0.0	0.01724138	0.0	0.0	0.0	0.01724138	0.0	0.0	0.0	0.2413793	0.0	0.0	0.0
0.0	0.0	0.00873608278159793	0.0	0.0	0.0	0.0	0.0	0.0	0.0	0.0	0.0	0.0	0.0	0.0	0.0	0.0	0.0	0.0	0.0	0.008718881782027956	0.0	0.0	0.0	0.0	0.034944329126391775	0.0	0.0	0.0	0.0	0.6681141832971453	0.0	0.0	0.0	0.0	0.0	0.0	0.034944329126391775	0.0	0.0	0.0	0.24454219388644516	0.0	0.0	0.0
0.0	0.0	0.0	0.0	0.0	0.0	0.0	0.24528529754714706	0.0	0.0	0.0	0.0	0.0	0.14737749852622506	0.0	0.0	0.0	0.0	0.017924279820757203	0.0	0.0	0.0268007297319927	0.0	0.0	0.0	0.0	0.0	0.0	0.0	0.0	0.562612194373878	0.0	0.0	0.0	0.0	0.0	0.0	0.0	0.0	0.0	0.0	0.0	0.0	0.0	0.0
0.0	0.0	0.0	0.0	0.0	0.0	0.0	0.2439024170731692	0.0	0.0	0.0	0.0	0.0	0.0	0.0	0.0	0.0	0.0	0.0	0.0	0.0	0.0	0.0	0.0	0.0	0.0	0.0	0.07317073512195146	0.0	0.0	0.5121951358536595	0.0	0.0	0.0	0.0	0.0	0.0	0.0	0.0	0.0	0.0	0.17073171195121986	0.0	0.0	0.0
0.0	0.0	0.0	0.0	0.02819874887205005	0.0	0.0	0.3036889878524405	0.0	0.0	0.0	0.0	0.0	0.0	0.0	0.0	0.0	0.0	0.0	0.04338488826460448	0.0	0.0	0.0	0.0	0.0	0.0	0.0	0.0	0.0	0.0	0.5075904796963808	0.0	0.0	0.0	0.0	0.0	0.0	0.0	0.0	0.0	0.0	0.1171368953145242	0.0	0.0	0.0
0.0	0.03710575337662357	0.0022263452025974135	0.0	0.0	0.0	0.0	0.0	0.0	0.0	0.0	0.0	0.0	0.0	0.0	0.0	0.0	0.0	0.0	0.0	0.0	0.0	0.0	0.0	0.0	0.005565862506493488	0.0	0.0	0.0	0.0	0.673840461319482	0.0	0.0	0.0	0.03153989287013025	0.0	0.0	0.0	0.0	0.0	0.0	0.24415582221817986	0.005565862506493488	0.0	0.0
0.0	0.0204143097958569	0.0	0.0	0.016962509830374894	0.0	0.0	0.229262097707379	0.0	0.0	0.0	0.0	0.0	0.13746279862537197	0.0	0.0	0.0	0.0	0.0	0.0	0.0	0.015297989847020096	0.0	0.0	0.0	0.0	0.0	0.0	0.0	0.0	0.5806002941939971	0.0	0.0	0.0	0.0	0.0	0.0	0.0	0.0	0.0	0.0	0.0	0.0	0.0	0.0
0.0	0.03930032996069967	0.0	0.0	0.0	0.0	0.0	0.2445404997554595	0.0	0.0	0.0	0.0	0.0	0.0	0.0	0.0	0.0	0.0	0.0	0.00873357099126643	0.0	0.0	0.0	0.0	0.0	0.0	0.0	0.0	0.0	0.0	0.5502193994497806	0.0	0.0	0.0	0.0	0.0	0.0	0.0	0.0	0.0	0.0	0.1572061998427938	0.0	0.0	0.0
0.0	0.0	0.0	0.0	0.0	0.13186808681319132	0.0	0.0	0.0	0.0	0.0	0.0	0.0	0.0	0.0	0.0	0.0	0.0	0.0	0.0	0.0	0.0	0.0	0.0	0.0	0.0	0.0	0.2417582758241724	0.0	0.0	0.4505494549450545	0.0	0.0	0.0	0.0	0.0	0.0	0.0	0.0	0.0	0.0	0.17582418241758174	0.0	0.0	0.0
0.0	0.0	0.0	0.0	0.0	0.0	0.14750939409962424	0.0	0.0	0.0	0.0	0.0	0.0	0.0	0.0	0.0	0.0	0.0	0.0	0.0	0.0	0.0	0.0	0.0	0.0	0.14942529402298824	0.0	0.2375502904979884	0.0	0.0	0.1149426954022922	0.2643652894253884	0.0	0.047892798084288084	0.0	0.0	0.0	0.0	0.0	0.0	0.0	0.03831423846743046	0.0	0.0	0.0
0.0	0.0	0.0	0.0	0.0	0.0	0.0	0.4092219016368877	0.0	0.0	0.002881844011527376	0.0	0.0	0.0	0.0	0.0	0.0	0.005763689023054757	0.0	0.040345820161383286	0.0	0.002881844011527376	0.0	0.0	0.0	0.0	0.028818440115273763	0.0	0.0	0.0	0.435158501740634	0.0	0.0	0.0	0.0	0.005763689023054757	0.0	0.0	0.0	0.0	0.0	0.06916427027665709	0.0	0.0	0.0
0.0	0.0	0.0	0.0	0.0	0.0	0.0	0.0	0.0	0.0	0.0	0.0	0.0	0.0	0.0	0.0	0.0	0.0	0.0	0.0	0.0	0.0	0.0	0.06611358537204902	0.0	0.0	0.0	0.0	0.0	0.0	0.13222719074409667	0.6011857579169969	0.0	0.0	0.06696666531233343	0.0	0.0	0.03332870766699046	0.0	0.0	0.0	0.1001780929875335	0.0	0.0	0.0
0.0	0.0	0.0	0.0	0.0	0.1	0.0	0.0	0.0	0.0	0.0	0.0	0.0	0.0	0.0	0.0	0.0	0.0	0.0	0.0	0.0	0.0	0.0	0.0	0.0	0.0	0.0	0.2	0.0	0.0	0.5	0.0	0.0	0.0	0.0	0.0	0.0	0.0	0.0	0.0	0.0	0.2	0.0	0.0	0.0
0.0	0.046351774635177465	0.0	0.0	0.0	0.0	0.0	0.2301254230125423	0.0	0.0	0.0	0.0	0.0	0.11656831165683118	0.0	0.0	0.0	0.0	0.0	0.0	0.0	0.03592243359224336	0.0	0.0	0.0	0.0	0.0	0.0	0.0	0.0	0.5710320571032057	0.0	0.0	0.0	0.0	0.0	0.0	0.0	0.0	0.0	0.0	0.0	0.0	0.0	0.0
0.0	0.0	0.0	0.0	0.0	0.0	0.0	0.0	0.0	0.0	0.0	0.0	0.0	0.0	0.0	0.0	0.0	0.0	0.0	0.0	0.01724138	0.0	0.0	0.0	0.0	0.01724138	0.0	0.0	0.0	0.0	0.6724138000000001	0.0	0.0	0.0	0.0	0.01724138	0.0	0.03448276	0.0	0.0	0.0	0.2413793	0.0	0.0	0.0
0.0	0.0	0.0	0.0	0.0	0.0	0.0	0.0	0.0	0.0	0.0	0.0	0.0	0.0	0.0	0.0	0.0	0.0	0.0	0.0	0.0	0.0	0.0	0.06586367868272641	0.0	0.0	0.0	0.0	0.0	0.0	0.10693059786138803	0.6327652873446943	0.0	0.0	0.08119743837605123	0.0	0.0	0.0160601696787966	0.0	0.0	0.0	0.09718282805634344	0.0	0.0	0.0
0.0	0.0	0.0	0.0	0.0	0.0	0.0	0.18681318879120865	0.0	0.0	0.0	0.0	0.0	0.0	0.0	0.0	0.0	0.0	0.0	0.03296702802197832	0.0	0.0	0.0	0.0	0.0	0.0	0.0	0.0	0.0	0.0	0.560439566373626	0.0	0.0	0.0	0.0	0.0	0.0	0.03296702802197832	0.0	0.0	0.0	0.18681318879120865	0.0	0.0	0.0
0.0	0.0	0.0	0.0	0.0	0.0	0.0	0.16845079494647613	0.0	0.0	0.0	0.0	0.0	0.16693199499204014	0.0	0.0	0.0	0.0	0.0	0.0	0.0	0.05435392836938215	0.0	0.0	0.0	0.0	0.0	0.0	0.0	0.0	0.6102632816921016	0.0	0.0	0.0	0.0	0.0	0.0	0.0	0.0	0.0	0.0	0.0	0.0	0.0	0.0
0.0	0.03191488744680901	0.0	0.0	0.0	0.0	0.0	0.1808510855319132	0.0	0.0	0.0	0.0	0.0	0.0	0.0	0.0	0.0	0.0	0.0	0.06382978489361721	0.0	0.0	0.0	0.0	0.0	0.0	0.0	0.0	0.0	0.0	0.5425531565957474	0.0	0.0	0.0	0.0	0.0	0.0	0.0	0.0	0.0	0.0	0.1808510855319132	0.0	0.0	0.0
0.0	0.0	0.0	0.0	0.0	0.0	0.0	0.1914893808510619	0.0	0.02127659787234021	0.0	0.0	0.0	0.0	0.0	0.0	0.0	0.0	0.0	0.02127659787234021	0.0	0.0	0.0	0.0	0.0	0.0	0.0	0.0	0.0	0.0	0.5744680425531957	0.0	0.0	0.0	0.0	0.0	0.0	0.0	0.0	0.0	0.0	0.1914893808510619	0.0	0.0	0.0
0.0	0.02083333	0.0	0.0	0.0	0.0	0.0	0.1875	0.0	0.0	0.0	0.0	0.0	0.0	0.0	0.0	0.0	0.0	0.0	0.04166667	0.0	0.0	0.0	0.0	0.0	0.0	0.0	0.0	0.0	0.0	0.5625	0.0	0.0	0.0	0.0	0.0	0.0	0.0	0.0	0.0	0.0	0.1875	0.0	0.0	0.0
0.0	0.0	0.0	0.0	0.0	0.0	0.0	0.0	0.0	0.0	0.00862069	0.0	0.0	0.0	0.0	0.0	0.0	0.0	0.0	0.0	0.0	0.0	0.0	0.0	0.0	0.03448276	0.0	0.0	0.0	0.0	0.6724138000000001	0.0	0.0	0.00862069	0.0	0.0	0.0	0.03448276	0.0	0.0	0.0	0.2413793	0.0	0.0	0.0
0.0	0.0	0.0	0.0	0.0	0.15313221745707284	0.0	0.0	0.0	0.0	0.0	0.0	0.0	0.0	0.0	0.0	0.0	0.0	0.0023201862645012344	0.0	0.0	0.0	0.0	0.0	0.0	0.0	0.0	0.306264534914157	0.0	0.0	0.3851508439071962	0.0	0.0	0.0	0.0	0.0	0.0	0.0	0.0	0.0	0.0	0.15313221745707284	0.0	0.0	0.0
0.0	0.0	0.0	0.0	0.0	0.0	0.0	0.2669956106798245	0.0	0.0	0.0	0.0	0.0	0.0	0.0	0.0	0.0	0.0	0.0	0.05191463207658528	0.0	0.0	0.0	0.0	0.0	0.0	0.0	0.0	0.0	0.0	0.5018556200742248	0.0	0.0	0.0	0.0	0.03584683143387326	0.0	0.0	0.0	0.0	0.0	0.14338730573549224	0.0	0.0	0.0
0.0	0.0	0.0	0.0	0.0	0.0	0.0	0.2516457150987429	0.0	0.0	0.0	0.0	0.0	0.0	0.0	0.0	0.0	0.0	0.0	0.04611344276680656	0.0	0.0	0.0	0.0	0.0	0.0	0.0	0.0	0.0	0.0	0.53096233185774	0.0	0.0	0.0	0.0	0.0	0.0	0.0	0.0	0.0	0.0	0.17127851027671062	0.0	0.0	0.0
0.0	0.0	0.0	0.0	0.0	0.0	0.0	0.2694256919172292	0.0	0.0	0.0	0.0	0.0	0.0	0.0	0.0	0.0	0.0	0.0	0.018011069459667916	0.0	0.0	0.0	0.0	0.0	0.0	0.0	0.0	0.0	0.0	0.5448900836532975	0.0	0.0	0.0	0.0	0.0	0.0	0.0	0.0	0.0	0.0	0.12574599622762012	0.0	0.0	0.041927158742185236
0.0	0.0	0.0	0.0	0.0	0.0	0.0	0.0	0.0	0.0	0.0	0.0	0.0	0.0	0.0	0.0	0.0	0.0	0.0	0.0	0.017094021726496194	0.0	0.0	0.0	0.0	0.017094021726496194	0.0	0.0	0.0	0.0	0.6666666673333332	0.0	0.0	0.008547009863247995	0.0	0.0	0.0	0.05128205517948757	0.0	0.0	0.0	0.23931622417093865	0.0	0.0	0.0
0.0	0.0	0.0	0.0	0.0	0.0	0.0	0.1875	0.0	0.0	0.0	0.0	0.0	0.0	0.0	0.0	0.0	0.0	0.0	0.04166667	0.0	0.0	0.0	0.0	0.0	0.0	0.0	0.0	0.0	0.0	0.5625	0.0	0.0	0.0	0.0	0.02083333	0.0	0.0	0.0	0.0	0.0	0.1875	0.0	0.0	0.0
0.0	0.0	0.0	0.0	0.014820228814381694	0.0	0.0	0.23933978085281754	0.0	0.0	0.0	0.0	0.0	0.1407430887405529	0.0	0.0	0.0	0.0	0.0	0.0	0.0	0.029702847623772188	0.0	0.0	0.0	0.0	0.0	0.0	0.0	0.0	0.5753940539684758	0.0	0.0	0.0	0.0	0.0	0.0	0.0	0.0	0.0	0.0	0.0	0.0	0.0	0.0
0.0	0.0	0.0	0.0	0.0	0.12562948994964082	0.0	0.0	0.010050469195962466	0.0	0.0	0.0	0.0	0.0	0.0	0.0	0.007537719396982449	0.0	0.0	0.0	0.09547707236183424	0.0	0.007537719396982449	0.0	0.007537719396982449	0.0	0.0	0.0	0.0	0.0	0.620602350351812	0.0	0.0	0.0	0.0	0.010050469195962466	0.0	0.0	0.0	0.0	0.0	0.11557699075384074	0.0	0.0	0.0
0.0	0.0	0.0	0.0	0.0	0.0	0.0	0.3816794114503824	0.0	0.0	0.06870229206106876	0.0	0.0	0.0	0.0	0.0	0.0	0.0	0.0	0.22900760687022825	0.015267180458015412	0.0	0.0	0.0	0.0	0.0	0.0	0.0	0.0	0.0	0.3053435091603053	0.0	0.0	0.0	0.0	0.0	0.0	0.0	0.0	0.0	0.0	0.0	0.0	0.0	0.0
0.0	0.0	0.0	0.0	0.0	0.0	0.0	0.19444441361110892	0.0	0.0	0.0	0.0	0.0	0.08333333583333351	0.0	0.0	0.0	0.0	0.0	0.0	0.0	0.1388889097222237	0.0	0.0	0.0	0.0	0.0	0.0	0.0	0.0	0.5833333408333339	0.0	0.0	0.0	0.0	0.0	0.0	0.0	0.0	0.0	0.0	0.0	0.0	0.0	0.0
0.0	0.020531019794689805	0.0	0.0	0.017059289829407104	0.0	0.0	0.21615889783841105	0.0	0.0	0.0	0.0	0.0	0.12960559870394406	0.0	0.0	0.0	0.0	0.0	0.0	0.0	0.030770599692294006	0.0	0.0	0.0	0.0	0.0	0.0	0.0	0.0	0.5858745941412541	0.0	0.0	0.0	0.0	0.0	0.0	0.0	0.0	0.0	0.0	0.0	0.0	0.0	0.0
0.0	0.0	0.0	0.0	0.0	0.0	0.0	0.27422418628879075	0.0	0.0	0.0	0.0	0.0	0.0	0.0	0.0	0.0	0.0	0.0	0.02744128862793557	0.0	0.0	0.0	0.0	0.0	0.0	0.0	0.0	0.0	0.0	0.5340650732967464	0.0	0.0	0.0	0.0	0.0	0.0	0.0	0.0	0.0	0.0	0.12320279383986033	0.0	0.0	0.04106665794666711
0.0	0.0	0.0	0.0	0.0	0.0	0.0	0.3731342962686571	0.0	0.0	0.044776119552238806	0.0	0.0	0.0	0.0	0.0	0.0	0.0	0.0	0.22388059776119396	0.05970148940298513	0.0	0.0	0.0	0.0	0.0	0.0	0.0	0.0	0.0	0.2985074970149251	0.0	0.0	0.0	0.0	0.0	0.0	0.0	0.0	0.0	0.0	0.0	0.0	0.0	0.0
0.0	0.08181820934545435	0.0	0.0	0.0	0.0	0.0	0.17272719861818242	0.0	0.0	0.0	0.0	0.0	0.0	0.0	0.0	0.0	0.0	0.0	0.009090797927273615	0.0	0.0	0.0	0.0	0.0	0.0	0.0	0.0	0.0	0.0	0.5727273954181809	0.0	0.0	0.0	0.0	0.0	0.0	0.0	0.0	0.0	0.0	0.16363639869090882	0.0	0.0	0.0
0.0	0.0	0.0	0.0	0.0	0.0	0.0	0.22727268863636554	0.0	0.0	0.0	0.0	0.0	0.0	0.0	0.0	0.0	0.0	0.0	0.045454547727272615	0.0	0.0	0.0	0.0	0.0	0.0	0.0	0.0	0.0	0.0	0.5454545727272713	0.0	0.0	0.0	0.0	0.0	0.0	0.0	0.0	0.0	0.0	0.18181819090909046	0.0	0.0	0.0
0.0	0.0	0.0	0.0	0.0	0.0	0.0	0.0	0.0	0.0	0.0	0.0	0.0	0.0	0.0	0.0	0.0	0.0	0.0	0.0	0.01724138	0.0	0.0	0.0	0.0	0.03448276	0.0	0.0	0.0	0.0	0.6724138000000001	0.0	0.0	0.0	0.0	0.01724138	0.0	0.01724138	0.0	0.0	0.0	0.2413793	0.0	0.0	0.0
0.0	0.0	0.0	0.0	0.0	0.0	0.0	0.0	0.0	0.0	0.0	0.0	0.0	0.2127669	0.0	0.0	0.0	0.0	0.0	0.0	0.0	0.0	0.0	0.0	0.0	0.0	0.0	0.0	0.0	0.0	0.6170226	0.0	0.0	0.0	0.0	0.0	0.0	0.17021050000000001	0.0	0.0	0.0	0.0	0.0	0.0	0.0
0.0	0.0	0.0	0.0	0.0	0.0	0.0	0.2342748882862556	0.0	0.0	0.0	0.0	0.0	0.13558169322091534	0.0	0.0	0.0	0.0	0.0	0.0	0.0	0.05801724709913765	0.0	0.0	0.0	0.0	0.0	0.0	0.0	0.0	0.5721261713936914	0.0	0.0	0.0	0.0	0.0	0.0	0.0	0.0	0.0	0.0	0.0	0.0	0.0	0.0
0.0	0.0	0.011257878874212113	0.0	0.0	0.12383548761645125	0.0	0.0	0.0	0.0	0.0	0.0	0.0	0.0	0.0	0.0	0.0	0.0	0.0	0.0	0.0	0.0	0.008162619183738081	0.0	0.0	0.0	0.0	0.0	0.0	0.0	0.5189618481038153	0.15761028423897155	0.0	0.0	0.0	0.0	0.0	0.0	0.0	0.0	0.0	0.18017188198281175	0.0	0.0	0.0
0.0	0.0	0.0	0.0	0.0	0.0	0.0	0.24937027755667496	0.0	0.0	0.0	0.0	0.0	0.0	0.0	0.0	0.0	0.015113348639798622	0.0	0.04785893569269578	0.0	0.030226697279597245	0.0	0.0	0.0	0.0	0.0	0.0	0.0	0.0	0.5264483526196483	0.0	0.0	0.0	0.0	0.0	0.0	0.0	0.0	0.0	0.0	0.13098238821158506	0.0	0.0	0.0
0.0	0.0	0.0	0.0	0.0	0.0	0.0	0.19999999400000015	0.0	0.0	0.0	0.0	0.0	0.17777779466666613	0.0	0.0	0.0	0.0	0.0	0.0	0.0	0.011111109666666709	0.0	0.0	0.0	0.0	0.0	0.0	0.0	0.0	0.5888888823333336	0.0	0.0	0.022222219333333418	0.0	0.0	0.0	0.0	0.0	0.0	0.0	0.0	0.0	0.0	0.0
0.0	0.0	0.0	0.0	0.0	0.1511627904767442	0.0	0.0	0.0	0.0	0.0	0.0	0.0	0.0	0.0	0.0	0.0	0.0	0.00465116270697675	0.0	0.0	0.0	0.0	0.0	0.0	0.0	0.0	0.3023255809534884	0.0	0.0	0.3883720755325593	0.0	0.0	0.0	0.0	0.0	0.0	0.0	0.0	0.0	0.0	0.15348839033023146	0.0	0.0	0.0
0.0	0.0	0.0	0.0	0.0	0.0	0.0	0.21621859567562807	0.0	0.0	0.0	0.0	0.0	0.0	0.0	0.0	0.0	0.0	0.0	0.02456981950860361	0.0	0.22112909557741808	0.0	0.0	0.0	0.0	0.0	0.0	0.0	0.0	0.5380824892383502	0.0	0.0	0.0	0.0	0.0	0.0	0.0	0.0	0.0	0.0	0.0	0.0	0.0	0.0
0.0	0.0	0.0	0.0	0.0	0.0	0.0	0.26316858236770496	0.0	0.0	0.0	0.0	0.0	0.0	0.0	0.0	0.0	0.0	0.0	0.0047796166797656825	0.0	0.0	0.0	0.0	0.0	0.0	0.0	0.0	0.0	0.0	0.5598068624929402	0.0	0.0	0.0	0.0	0.0	0.0	0.0	0.0	0.0	0.0	0.1291922913441165	0.0	0.0	0.04305264711547265
0.0	0.0	0.0	0.0	0.0	0.0	0.0	0.0	0.0	0.0	0.0	0.0	0.0	0.0	0.0	0.0	0.0	0.0	0.0	0.0	0.01709402189743643	0.0	0.0	0.0	0.0	0.03418803379487175	0.0	0.0	0.0	0.0	0.6666666740000007	0.0	0.0	0.008547009948718105	0.0	0.0	0.0	0.03418803379487175	0.0	0.0	0.0	0.2393162265641012	0.0	0.0	0.0
0.0	0.0	0.0	0.0	0.0	0.0	0.0	0.3500005175000259	0.0	0.0	0.09999965499998276	0.0	0.0	0.0	0.0	0.0	0.0	0.0	0.0	0.1500012075000604	0.0	0.0	0.0	0.0	0.0	0.0	0.0	0.0	0.0	0.0	0.399998619999931	0.0	0.0	0.0	0.0	0.0	0.0	0.0	0.0	0.0	0.0	0.0	0.0	0.0	0.0
0.0	0.02	0.0	0.0	0.0	0.08	0.0	0.0	0.0	0.0	0.0	0.0	0.0	0.0	0.0	0.0	0.0	0.0	0.0	0.0	0.0	0.0	0.0	0.0	0.0	0.0	0.0	0.2	0.0	0.0	0.5	0.0	0.0	0.0	0.0	0.0	0.0	0.0	0.0	0.0	0.0	0.2	0.0	0.0	0.0
0.0	0.05047805545697501	0.0	0.0	0.0	0.0	0.0	0.22530617972244385	0.0	0.0	0.0	0.0	0.0	0.12872748841452605	0.0	0.0	0.0	0.0	0.0	0.0	0.0	0.0368461266838486	0.0	0.0	0.0	0.0	0.0	0.0	0.0	0.0	0.5586421497222066	0.0	0.0	0.0	0.0	0.0	0.0	0.0	0.0	0.0	0.0	0.0	0.0	0.0	0.0
0.0	0.0	0.0	0.0	0.0	0.0	0.0	0.0	0.0	0.047727273340909135	0.0	0.0	0.0	0.2272727159090901	0.0	0.0	0.0	0.0	0.0	0.0	0.0	0.0	0.0	0.0	0.0	0.0	0.0	0.0	0.0	0.0	0.6363636445454551	0.0	0.0	0.0	0.0	0.0	0.0	0.08863636620454564	0.0	0.0	0.0	0.0	0.0	0.0	0.0
0.0	0.0	0.0	0.0	0.0	0.13186808681319132	0.0	0.0	0.0	0.0	0.0	0.0	0.0	0.0	0.0	0.0	0.0	0.0	0.0	0.0	0.0	0.0	0.0	0.0	0.0	0.0	0.0	0.2417582758241724	0.0	0.0	0.4505494549450545	0.0	0.0	0.0	0.0	0.0	0.0	0.0	0.0	0.0	0.0	0.17582418241758174	0.0	0.0	0.0
0.0	0.0	0.0	0.0	0.0	0.0	0.0	0.0	0.0	0.0	0.0	0.0	0.0	0.0	0.0	0.0	0.0	0.0	0.0	0.0	0.0	0.0	0.0	0.06610410330520518	0.0	0.0	0.0	0.0	0.0	0.0	0.1183828059191403	0.6185666309283314	0.0	0.0	0.0819555940977797	0.0	0.0	0.016498520824926043	0.0	0.0	0.0	0.09849234492461724	0.0	0.0	0.0
0.0	0.051886790466981116	0.0	0.0	0.0	0.0	0.0	0.0	0.0	0.0	0.0	0.0	0.0	0.0	0.0	0.0	0.0	0.0	0.0	0.0	0.0	0.0	0.0	0.0	0.0	0.0	0.0	0.0	0.0	0.0	0.6792453061132078	0.0	0.0	0.004716981042452829	0.018867920169811283	0.0	0.0	0.0	0.0	0.0	0.0	0.24528300220754706	0.0	0.0	0.0
0.0	0.0	0.0	0.0	0.0	0.0	0.0	0.25603228207774026	0.0	0.0	0.0	0.0	0.0	0.0	0.0	0.0	0.0	0.0	0.0	0.046917256715792034	0.017426408780151385	0.0	0.0	0.0	0.0	0.0	0.0	0.0	0.0	0.0	0.5227877634048566	0.0	0.0	0.0	0.0	0.0	0.0	0.0	0.0	0.0	0.0	0.15683628902145974	0.0	0.0	0.0
0.0	0.0	0.0	0.0	0.0	0.0	0.0	0.18476610184766104	0.0	0.0	0.0	0.0	0.0	0.15026380150263802	0.0	0.0	0.0	0.0	0.0	0.0	0.0	0.06564249065642491	0.0	0.0	0.0	0.0	0.0	0.0	0.0	0.0	0.5993276059932761	0.0	0.0	0.0	0.0	0.0	0.0	0.0	0.0	0.0	0.0	0.0	0.0	0.0	0.0
0.0	0.0	0.0	0.0	0.0	0.0	0.0	0.375	0.0	0.0	0.0	0.0	0.0	0.0	0.0	0.0	0.0	0.0	0.0	0.0	0.0	0.125	0.0	0.0	0.0	0.0	0.0	0.0	0.0	0.0	0.375	0.0	0.0	0.0	0.0	0.0	0.0	0.0	0.0	0.0	0.0	0.125	0.0	0.0	0.0
0.0	0.0600382413208413	0.0	0.0	0.0	0.0	0.0	0.20951250460927512	0.0	0.0	0.0	0.0	0.0	0.0	0.0	0.0	0.0	0.0	0.0	0.008907838195972441	0.0	0.0	0.0	0.0	0.0	0.0	0.0	0.0	0.0	0.0	0.5611983123463629	0.0	0.0	0.0	0.0	0.0	0.0	0.0	0.0	0.0	0.0	0.16034310352754827	0.0	0.0	0.0
0.0	0.0	0.0	0.0	0.0	0.0	0.0	0.22916650229166505	0.0	0.0	0.0	0.0	0.0	0.0	0.0	0.0	0.0	0.0	0.0	0.04861079048610791	0.0	0.0	0.0	0.0	0.0	0.0	0.0	0.0	0.0	0.0	0.5416670054166701	0.0	0.0	0.0	0.0	0.0	0.0	0.0	0.0	0.0	0.0	0.18055570180555705	0.0	0.0	0.0
0.0	0.0	0.0	0.0	0.0	0.0	0.0	0.0	0.0	0.0	0.0	0.0	0.0	0.0	0.0	0.0	0.0	0.0	0.0	0.0	0.017094021726496197	0.0	0.0	0.0	0.0	0.05128205517948759	0.0	0.0	0.0	0.0	0.6666666673333334	0.0	0.0	0.0	0.0	0.0	0.0	0.017094021726496197	0.0	0.0	0.0	0.2393162241709387	0.008547009863247997	0.0	0.0
0.0	0.0	0.0	0.0	0.0	0.0	0.0	0.0	0.0	0.0	0.0	0.0	0.0	0.0	0.0	0.0	0.0	0.0	0.0	0.0	0.017094021726496197	0.0	0.0	0.0	0.0	0.017094021726496197	0.0	0.0	0.0	0.0	0.6666666673333334	0.0	0.0	0.0	0.0	0.0	0.0	0.05128205517948759	0.0	0.0	0.0	0.2393162241709387	0.008547009863247997	0.0	0.0
0.0	0.0	0.0	0.0	0.0	0.13043480000000002	0.0	0.0	0.0	0.0	0.0	0.0	0.0	0.0	0.0	0.0	0.0	0.0	0.0	0.0	0.0	0.0	0.0	0.0	0.0	0.0	0.0	0.26086960000000003	0.0	0.0	0.4347826	0.0	0.0	0.0	0.0	0.0	0.0	0.0	0.0	0.0	0.0	0.173913	0.0	0.0	0.0
0.0	0.0	0.0	0.0	0.0	0.0	0.0	0.4000000400000041	0.0	0.0	0.0	0.0	0.0	0.0	0.0	0.0	0.0	0.0	0.0	0.13333331333333132	0.13333331333333132	0.0	0.0	0.0	0.0	0.0	0.0	0.0	0.0	0.0	0.3333333333333333	0.0	0.0	0.0	0.0	0.0	0.0	0.0	0.0	0.0	0.0	0.0	0.0	0.0	0.0
0.0	0.0	0.0	0.0	0.0	0.0	0.0	0.20752458962377052	0.0	0.0	0.0	0.0	0.0	0.13220509338974534	0.0	0.0	0.0	0.0	0.0	0.0	0.0	0.0753317462334127	0.0	0.0	0.0	0.0	0.0	0.0	0.0	0.0	0.5849385707530715	0.0	0.0	0.0	0.0	0.0	0.0	0.0	0.0	0.0	0.0	0.0	0.0	0.0	0.0
0.0	0.0	0.0	0.0	0.0	0.0	0.0	0.0	0.0	0.0	0.0	0.0	0.0	0.0	0.0	0.0	0.0	0.0	0.0	0.0	0.017094021726496194	0.0	0.0	0.0	0.0	0.05128205517948757	0.0	0.0	0.0	0.0	0.6666666673333332	0.0	0.0	0.008547009863247995	0.0	0.0	0.0	0.017094021726496194	0.0	0.0	0.0	0.23931622417093865	0.0	0.0	0.0
0.0	0.0	0.0	0.0	0.0	0.0	0.0	0.2358441858493489	0.0	0.0	0.0	0.0	0.0	0.14140809151551453	0.0	0.0	0.0	0.0	0.03566194786028313	0.0	0.0	0.026660508400369497	0.0	0.0	0.0	0.0	0.0	0.0	0.0	0.0	0.5604252663744841	0.0	0.0	0.0	0.0	0.0	0.0	0.0	0.0	0.0	0.0	0.0	0.0	0.0	0.0
0.0	0.0	0.0	0.0	0.125	0.0	0.0	0.0	0.0	0.0	0.0	0.0	0.0	0.0	0.0	0.0	0.0	0.0	0.3125	0.0625	0.0	0.0	0.0	0.0	0.0	0.0	0.0	0.0	0.0	0.0	0.5	0.0	0.0	0.0	0.0	0.0	0.0	0.0	0.0	0.0	0.0	0.0	0.0	0.0	0.0
0.0	0.0	0.0	0.0	0.0	0.0	0.0	0.0	0.0	0.061363643681818625	0.0	0.0	0.0	0.22727271363636284	0.0	0.0	0.0	0.0	0.0	0.0	0.0	0.0	0.0	0.0	0.0	0.0	0.0	0.0	0.0	0.0	0.6363636381818183	0.0	0.0	0.0	0.0	0.0	0.0	0.07500000450000027	0.0	0.0	0.0	0.0	0.0	0.0	0.0
0.0	0.0	0.0	0.0	0.0	0.13043480000000002	0.0	0.0	0.0	0.0	0.0	0.0	0.0	0.0	0.0	0.0	0.0	0.0	0.0	0.0	0.0	0.0	0.0	0.0	0.0	0.0	0.0	0.26086960000000003	0.0	0.0	0.4347826	0.0	0.0	0.0	0.0	0.0	0.0	0.0	0.0	0.0	0.0	0.173913	0.0	0.0	0.0
0.0	0.0	0.0	0.0	0.0	0.0	0.0	0.1958762882474227	0.0	0.010309279381443241	0.0	0.0	0.0	0.0	0.0	0.0	0.0	0.0	0.0	0.010309279381443241	0.0	0.0	0.0	0.0	0.0	0.0	0.0	0.0	0.0	0.0	0.5876288647422682	0.0	0.0	0.0	0.0	0.0	0.0	0.0	0.0	0.0	0.0	0.1958762882474227	0.0	0.0	0.0
0.0	0.0	0.0	0.0	0.0	0.0	0.0	0.18077801084668066	0.0	0.0	0.0	0.0	0.0	0.0	0.0	0.0	0.0	0.0	0.0	0.048054922883295374	0.0	0.0	0.0	0.0	0.0	0.048054922883295374	0.0	0.0	0.0	0.0	0.542334132540048	0.0	0.0	0.0	0.0	0.0	0.0	0.0	0.0	0.0	0.0	0.18077801084668066	0.0	0.0	0.0
0.0	0.0	0.0	0.0	0.12903228709677134	0.0	0.0	0.0	0.0	0.0	0.0	0.0	0.0	0.0	0.0	0.0	0.0	0.0	0.2903225709677429	0.09677419032258096	0.0	0.0	0.0	0.0	0.0	0.0	0.0	0.0	0.0	0.0	0.4838709516129048	0.0	0.0	0.0	0.0	0.0	0.0	0.0	0.0	0.0	0.0	0.0	0.0	0.0	0.0
0.0	0.044449500444495006	0.0	0.0	0.0	0.0	0.0	0.20679860206798606	0.0	0.0	0.0	0.0	0.0	0.129460301294603	0.0	0.0	0.0	0.0	0.0	0.0	0.0	0.0344474903444749	0.0	0.0	0.0	0.0	0.0	0.0	0.0	0.0	0.584844105848441	0.0	0.0	0.0	0.0	0.0	0.0	0.0	0.0	0.0	0.0	0.0	0.0	0.0	0.0
0.0	0.0	0.0	0.0	0.0	0.0	0.0	0.2342748882862556	0.0	0.0	0.0	0.0	0.0	0.13558169322091534	0.0	0.0	0.0	0.0	0.0	0.0	0.0	0.05801724709913765	0.0	0.0	0.0	0.0	0.0	0.0	0.0	0.0	0.5721261713936914	0.0	0.0	0.0	0.0	0.0	0.0	0.0	0.0	0.0	0.0	0.0	0.0	0.0	0.0
0.0	0.02479338950413221	0.0	0.0	0.0	0.0	0.0	0.0	0.0	0.0	0.0	0.0	0.0	0.0	0.0	0.0	0.0	0.0	0.0	0.0	0.0	0.0	0.0	0.0	0.0	0.0	0.0	0.0	0.0	0.0	0.6942148861157023	0.0	0.0	0.0	0.0165289296694214	0.0	0.0	0.0	0.0	0.0	0.0	0.2644627947107441	0.0	0.0	0.0
0.0	0.0	0.0	0.0	0.0	0.0	0.0	0.0	0.0	0.0	0.0	0.0	0.0	0.2127669	0.0	0.0	0.0	0.0	0.0	0.0	0.0	0.0	0.0	0.0	0.0	0.0	0.0	0.0	0.0	0.0	0.6170226	0.0	0.0	0.0	0.17021050000000001	0.0	0.0	0.0	0.0	0.0	0.0	0.0	0.0	0.0	0.0
0.0	0.0	0.0	0.0	0.025103665983413445	0.0	0.0	0.3139262497718001	0.0	0.0	0.0	0.0	0.0	0.0	0.0	0.0	0.0	0.0	0.0	0.0349380844099065	0.0	0.0	0.0	0.0	0.0	0.0	0.0	0.0	0.0	0.0	0.5085386186338211	0.0	0.0	0.0	0.0	0.0	0.0	0.0	0.0	0.0	0.0	0.117493381201059	0.0	0.0	0.0
0.0	0.0	0.0	0.0	0.0	0.0	0.0	0.0	0.0	0.0	0.0	0.0	0.0	0.0	0.0	0.0	0.0	0.0	0.0	0.0	0.0	0.0	0.0	0.0	0.0	0.012145749392712532	0.0	0.0	0.0	0.0	0.5951416702429164	0.0	0.0	0.0	0.0	0.0	0.0	0.0	0.0	0.0	0.0	0.0	0.0	0.0	0.39271258036437096
0.0	0.0	0.0	0.0	0.0	0.0	0.0	0.2474760925757172	0.0	0.0	0.0	0.0	0.0	0.14838149554855512	0.0	0.0	0.0	0.0	0.0	0.0	0.0	0.0	0.0	0.0	0.0	0.0	0.0	0.0	0.0	0.0	0.5728707828138765	0.0	0.0	0.0	0.0	0.0	0.0	0.0	0.0	0.0	0.0	0.03127162906185113	0.0	0.0	0.0
0.0	0.0	0.0	0.0	0.0	0.0	0.0	0.28108917189108285	0.0	0.0	0.0	0.0	0.0	0.0	0.0	0.0	0.0	0.0	0.0	0.045337755466224455	0.0	0.0	0.0	0.0	0.0	0.0	0.03367883663211633	0.0	0.0	0.0	0.505179849482015	0.0	0.0	0.0	0.0	0.0	0.0	0.0	0.0	0.0	0.0	0.13471438652856133	0.0	0.0	0.0
0.0	0.0	0.0	0.0	0.0	0.0	0.0	0.0	0.0	0.0	0.0	0.0	0.0	0.0	0.0	0.0	0.0	0.0	0.0	0.0	0.01709402189743644	0.0	0.0	0.0	0.0	0.034188033794871765	0.0	0.0	0.0	0.0	0.6666666740000008	0.0	0.0	0.0	0.0	0.0	0.0	0.034188033794871765	0.0	0.0	0.0	0.2393162265641012	0.008547009948718105	0.0	0.0
0.0	0.0	0.0	0.0	0.0	0.0	0.0	0.0	0.0	0.0	0.0	0.0	0.0	0.0	0.0	0.0	0.0	0.0	0.08	0.08	0.0	0.0	0.0	0.0	0.0	0.0	0.0	0.0	0.0	0.0	0.6	0.0	0.0	0.0	0.0	0.0	0.0	0.0	0.0	0.0	0.0	0.24	0.0	0.0	0.0
0.0	0.0	0.0	0.0	0.0	0.0	0.0	0.0	0.0	0.09755921731730173	0.0	0.0	0.0	0.2439031682925881	0.0	0.0	0.0	0.0	0.0	0.0	0.0	0.0	0.0	0.0	0.0	0.0	0.0	0.0	0.0	0.0	0.65853761439011	0.0	0.0	0.0	0.0	0.0	0.0	0.0	0.0	0.0	0.0	0.0	0.0	0.0	0.0
0.0	0.0	0.0	0.0	0.0	0.0	0.0	0.18181818181818185	0.0	0.0	0.0	0.0	0.0	0.0	0.0	0.0	0.0	0.0	0.0	0.045454545454545456	0.0	0.0	0.0	0.0	0.0	0.0	0.0	0.0	0.0	0.0	0.5454545454545454	0.0	0.0	0.0	0.0	0.0	0.0	0.045454545454545456	0.0	0.0	0.0	0.18181818181818185	0.0	0.0	0.0
0.0	0.0	0.0	0.0	0.0	0.0	0.0	0.4482759	0.0	0.0	0.0	0.0	0.0	0.0	0.0	0.0	0.0	0.0	0.0	0.137931	0.1034483	0.0	0.0	0.0	0.0	0.0	0.0	0.0	0.0	0.0	0.3103448	0.0	0.0	0.0	0.0	0.0	0.0	0.0	0.0	0.0	0.0	0.0	0.0	0.0	0.0
0.0	0.0	0.0	0.0	0.0	0.0	0.0	0.196508	0.0	0.0	0.0	0.0	0.0	0.10480639999999998	0.0	0.0	0.0	0.0	0.0	0.0	0.0	0.1128052	0.0	0.0	0.0	0.0	0.0	0.0	0.0	0.0	0.5858804	0.0	0.0	0.0	0.0	0.0	0.0	0.0	0.0	0.0	0.0	0.0	0.0	0.0	0.0
0.0	0.0	0.0	0.0	0.0	0.0	0.0	0.22727268863636554	0.0	0.0	0.0	0.0	0.0	0.0	0.0	0.0	0.0	0.0	0.0	0.045454547727272615	0.0	0.0	0.0	0.0	0.0	0.0	0.0	0.0	0.0	0.0	0.5454545727272713	0.0	0.0	0.0	0.0	0.0	0.0	0.0	0.0	0.0	0.0	0.18181819090909046	0.0	0.0	0.0
0.0	0.0	0.0	0.0	0.0	0.0	0.0	0.0	0.0	0.0	0.0	0.0	0.0	0.0	0.0	0.0	0.0	0.0	0.0	0.0	0.01724138	0.0	0.0	0.0	0.0	0.01724138	0.0	0.0	0.0	0.0	0.6724138000000001	0.0	0.0	0.01724138	0.0	0.0	0.0	0.03448276	0.0	0.0	0.0	0.2413793	0.0	0.0	0.0
0.0	0.0	0.0	0.0	0.12195120243902405	0.0	0.0	0.0	0.0	0.0	0.0	0.0	0.0	0.0	0.0	0.0	0.0	0.0	0.3089431061788621	0.09756098195121964	0.0	0.0	0.0	0.0	0.0	0.0	0.0	0.0	0.0	0.0	0.4715447094308942	0.0	0.0	0.0	0.0	0.0	0.0	0.0	0.0	0.0	0.0	0.0	0.0	0.0	0.0
0.0	0.0	0.0	0.0	0.0	0.1	0.0	0.0	0.0	0.0	0.0	0.0	0.0	0.0	0.0	0.0	0.0	0.0	0.0	0.0	0.0	0.0	0.0	0.0	0.0	0.0	0.0	0.2	0.0	0.0	0.5	0.0	0.0	0.0	0.0	0.0	0.0	0.0	0.0	0.0	0.0	0.2	0.0	0.0	0.0
0.0	0.034330850343308496	0.0	0.0	0.0	0.0	0.0	0.22103610221036102	0.0	0.0	0.0	0.0	0.0	0.132064401320644	0.0	0.0	0.0	0.0	0.0	0.0	0.0	0.0344093403440934	0.0	0.0	0.0	0.0	0.0	0.0	0.0	0.0	0.578159305781593	0.0	0.0	0.0	0.0	0.0	0.0	0.0	0.0	0.0	0.0	0.0	0.0	0.0	0.0
0.0	0.0	0.0	0.0	0.0	0.0	0.0	0.4002650400265039	0.0	0.0	0.0	0.0	0.0	0.0	0.0	0.0	0.0	0.0	0.0	0.13431621343162134	0.13297771329777133	0.0	0.0	0.0	0.0	0.0	0.0	0.0	0.0	0.0	0.3324410332441033	0.0	0.0	0.0	0.0	0.0	0.0	0.0	0.0	0.0	0.0	0.0	0.0	0.0	0.0
0.0	0.0	0.0	0.0	0.0	0.0	0.0	0.0	0.0	0.0	0.0	0.0	0.0	0.0	0.0	0.0	0.0	0.0	0.0	0.0	0.0	0.0	0.0	0.0	0.0	0.03499742944004113	0.0	0.0	0.0	0.0	0.669926189281181	0.0	0.004288899931377601	0.008749355860010306	0.0	0.0	0.0	0.03499742944004113	0.0	0.0	0.0	0.2470406960473489	0.0	0.0	0.0
0.0	0.0	0.0	0.0	0.0	0.0	0.0	0.0	0.0	0.0	0.0	0.0	0.0	0.0	0.0	0.0	0.0	0.0	0.0	0.0	0.0	0.0	0.0	0.0	0.0	0.008064515870967745	0.0	0.0	0.0	0.0	0.596774190451613	0.0	0.0	0.0	0.0	0.0	0.0	0.0	0.0	0.0	0.0	0.0	0.0	0.0	0.3951612936774193
0.0	0.0	0.0	0.0	0.0	0.0	0.0	0.4482759	0.0	0.0	0.0	0.0	0.0	0.0	0.0	0.0	0.0	0.0	0.0	0.137931	0.1034483	0.0	0.0	0.0	0.0	0.0	0.0	0.0	0.0	0.0	0.3103448	0.0	0.0	0.0	0.0	0.0	0.0	0.0	0.0	0.0	0.0	0.0	0.0	0.0	0.0
0.0	0.038616637296835385	0.0	0.0	0.0	0.0	0.0	0.210818785242685	0.0	0.0	0.0	0.0	0.0	0.12640029115197962	0.0	0.0	0.0	0.0	0.0193540586452159	0.0	0.0	0.028937567974370238	0.0	0.0	0.0	0.0	0.0	0.0	0.0	0.0	0.5758726596889139	0.0	0.0	0.0	0.0	0.0	0.0	0.0	0.0	0.0	0.0	0.0	0.0	0.0	0.0
0.0	0.0	0.0	0.0	0.0	0.0	0.0	0.18181818181818185	0.0	0.0	0.0	0.0	0.0	0.0	0.0	0.0	0.0	0.0	0.0	0.045454545454545456	0.0	0.0	0.0	0.0	0.0	0.045454545454545456	0.0	0.0	0.0	0.0	0.5454545454545454	0.0	0.0	0.0	0.0	0.0	0.0	0.0	0.0	0.0	0.0	0.18181818181818185	0.0	0.0	0.0
0.0	0.0	0.0	0.0	0.07594937379746869	0.0	0.0	0.0	0.0	0.0	0.0	0.0	0.0	0.0	0.0	0.0	0.0	0.0	0.3354430167721508	0.0	0.0	0.0	0.0	0.0	0.0	0.0	0.0	0.031645571582278584	0.0	0.0	0.5063291253164562	0.0	0.0	0.0	0.0	0.0	0.0	0.0	0.0	0.0	0.0	0.050632912531645625	0.0	0.0	0.0
0.0	0.0	0.0	0.0	0.0	0.0	0.0	0.0	0.0	0.0	0.0	0.0	0.0	0.0	0.0	0.0	0.0	0.0	0.0	0.0	0.0	0.0	0.0	0.0	0.0	0.0	0.0	0.0	0.0	0.0007760098923175019	0.6004735940553114	0.0	0.0	0.0	0.0	0.0	0.0	0.0	0.0	0.0	0.0	0.0	0.0	0.0	0.3987503960523712
0.0	0.018692	0.0	0.0	0.0	0.14399	0.0	0.0	0.0	0.0	0.0	0.0	0.0	0.0	0.0	0.0	0.0	0.0	0.0	0.0	0.0	0.0	0.0	0.0	0.0	0.0	0.0	0.0	0.0	0.0	0.58498	0.069228	0.0	0.0	0.0	0.0	0.0	0.0	0.0	0.0	0.0	0.18311	0.0	0.0	0.0
0.0	0.04486508551349145	0.0	0.0	0.0	0.0	0.0	0.21189767881023214	0.0	0.0	0.0	0.0	0.0	0.1266427873357213	0.0	0.0	0.0	0.0	0.0	0.0	0.0	0.03476950652304936	0.0	0.0	0.0	0.0	0.0	0.0	0.0	0.0	0.5818249418175059	0.0	0.0	0.0	0.0	0.0	0.0	0.0	0.0	0.0	0.0	0.0	0.0	0.0	0.0
0.0	0.0	0.0	0.0	0.0	0.0	0.0	0.0	0.0	0.0	0.0	0.0	0.0	0.2162165216216521	0.0	0.0	0.0	0.0	0.0	0.0	0.0	0.0	0.0	0.0	0.0	0.0	0.0	0.0	0.0	0.0	0.6216220621622063	0.0	0.0	0.0	0.1621614162161416	0.0	0.0	0.0	0.0	0.0	0.0	0.0	0.0	0.0	0.0
0.0	0.0	0.0	0.0	0.0	0.0	0.0	0.2793871083816132	0.0	0.0	0.0	0.0	0.0	0.0	0.0	0.0	0.0	0.0	0.0	0.039023221170696634	0.0	0.0	0.0	0.0	0.0	0.0	0.0	0.0	0.039980851199425536	0.0	0.4812066144361984	0.0	0.0	0.0	0.0	0.0	0.0	0.0	0.0	0.0	0.0	0.16040220481206618	0.0	0.0	0.0
0.0	0.0	0.0	0.0	0.0	0.0	0.0	0.1914893808510619	0.0	0.0	0.0	0.0	0.0	0.0	0.0	0.0	0.0	0.0	0.0	0.0	0.0	0.0	0.0	0.0	0.0	0.0	0.0	0.02127659787234021	0.0	0.0	0.5744680425531957	0.0	0.0	0.0	0.02127659787234021	0.0	0.0	0.0	0.0	0.0	0.0	0.1914893808510619	0.0	0.0	0.0
0.0	0.0	0.0	0.0	0.0	0.0	0.0	0.2949043088471293	0.0	0.0	0.0	0.0	0.0	0.0	0.0	0.0	0.0	0.0	0.0	0.04247649127429473	0.015776980473309412	0.0	0.0	0.0	0.0	0.0	0.0	0.0	0.0	0.0	0.5048528151455844	0.0	0.0	0.0	0.0	0.0	0.0	0.0	0.0	0.0	0.0	0.1419894042596821	0.0	0.0	0.0
0.0	0.0	0.0	0.0	0.0	0.0	0.0	0.0	0.0	0.0	0.0	0.0	0.0	0.0	0.0	0.0	0.0	0.0	0.11111109777777804	0.06666666866666662	0.0	0.0	0.0	0.0	0.0	0.0	0.0	0.04444444911111101	0.0	0.0	0.5555555888888882	0.0	0.0	0.0	0.0	0.0	0.0	0.0	0.0	0.0	0.0	0.22222219555555608	0.0	0.0	0.0
0.0	0.04827297517270249	0.0	0.0	0.0	0.0	0.0	0.20649477935052205	0.0	0.0	0.0	0.0	0.0	0.13097818690218133	0.0	0.0	0.0	0.0	0.0	0.0	0.0	0.029005117099488286	0.0	0.0	0.0	0.0	0.0	0.0	0.0	0.0	0.5852489414751059	0.0	0.0	0.0	0.0	0.0	0.0	0.0	0.0	0.0	0.0	0.0	0.0	0.0	0.0
0.0	0.0	0.0	0.0	0.0	0.0	0.0	0.0	0.0	0.0	0.0	0.0	0.0	0.0	0.0	0.0	0.0	0.0	0.0	0.0	0.0	0.0	0.0	0.0	0.0	0.16216219027026854	0.0	0.12612609243243444	0.0	0.0	0.4864864708108118	0.0	0.0	0.0	0.0	0.06306305621621662	0.0	0.0	0.0	0.0	0.0	0.16216219027026854	0.0	0.0	0.0
0.0	0.0	0.0	0.0	0.0	0.0	0.0	0.22271719777282808	0.0	0.0	0.0	0.0	0.0	0.0	0.0	0.0	0.0	0.0	0.0	0.03786190962138091	0.0	0.0	0.0	0.0	0.0	0.0	0.0	0.0	0.0	0.0	0.554565694454343	0.0	0.0	0.0	0.0	0.0	0.0	0.0	0.0	0.0	0.0	0.184855198151448	0.0	0.0	0.0
0.0	0.0	0.0	0.0	0.0	0.0	0.0	0.0	0.0	0.0	0.0	0.0	0.0	0.0	0.0	0.0	0.0	0.0	0.0	0.0	0.017094021726496197	0.0	0.0	0.0	0.0	0.017094021726496197	0.0	0.0	0.0	0.0	0.6666666673333334	0.0	0.0	0.0	0.0	0.0	0.0	0.05128205517948759	0.0	0.0	0.0	0.2393162241709387	0.008547009863247997	0.0	0.0
0.0	0.0	0.0	0.0	0.0	0.0	0.0	0.2511836057772229	0.0	0.0	0.0	0.0	0.0	0.15045270346041215	0.0	0.0	0.0	0.0	0.01773228040784245	0.0	0.0	0.008837997203273936	0.0	0.0	0.0	0.0	0.0	0.0	0.0	0.0	0.5544627127526424	0.0	0.0	0.0	0.0	0.01733070039860611	0.0	0.0	0.0	0.0	0.0	0.0	0.0	0.0	0.0
0.0	0.0	0.0	0.0	0.0	0.0	0.0	0.0	0.0	0.013636360545454423	0.0	0.0	0.0	0.2272727090909084	0.0	0.0	0.0	0.0	0.0	0.0	0.0	0.0	0.0	0.0	0.0	0.0	0.0	0.0	0.0	0.0	0.6363636254545451	0.0	0.0	0.0	0.0	0.0	0.0	0.1227273049090922	0.0	0.0	0.0	0.0	0.0	0.0	0.0
0.0	0.0	0.0	0.0	0.0	0.1491841989557106	0.0	0.0	0.0	0.0	0.0	0.0	0.0	0.0	0.0	0.0	0.0	0.0	0.00699300695104895	0.0	0.0	0.0	0.0	0.0	0.0	0.0	0.0	0.29836829791142183	0.0	0.0	0.3916083972587412	0.0	0.0	0.0	0.0	0.0	0.0	0.0	0.0	0.0	0.0	0.1538460989230773	0.0	0.0	0.0
0.0	0.0	0.0	0.0	0.0	0.0	0.0	0.402157171848998	0.0	0.0	0.0616332756856707	0.0	0.0	0.0	0.0	0.0	0.0	0.0	0.0	0.2311247838212651	0.01386748902927577	0.0	0.0	0.0	0.0	0.0	0.0	0.0	0.0	0.0	0.29121727961479044	0.0	0.0	0.0	0.0	0.0	0.0	0.0	0.0	0.0	0.0	0.0	0.0	0.0	0.0
0.0	0.0	0.0	0.0	0.0	0.0	0.0	0.0	0.0	0.0	0.0	0.0	0.0	0.0	0.0	0.0	0.0	0.0	0.004307374189524465	0.0	0.0	0.0	0.0	0.0	0.0	0.03514817154651955	0.0	0.0	0.0	0.0	0.6685045294141992	0.0	0.0	0.008787042386629865	0.0	0.0	0.0	0.03514817154651955	0.0	0.0	0.0	0.2481047109166073	0.0	0.0	0.0
0.0	0.0	0.0	0.0	0.0	0.0	0.0	0.0	0.0	0.0	0.0	0.0	0.0	0.0	0.0	0.0	0.0	0.0	0.0	0.0	0.0	0.0	0.0	0.0	0.0	0.17248910344978208	0.0	0.09170305183406104	0.0	0.0	0.5174672103493442	0.0	0.0	0.0	0.0	0.04585153091703061	0.0	0.0	0.0	0.0	0.0	0.17248910344978208	0.0	0.0	0.0
0.0	0.0	0.008673105303558686	0.0	0.0	0.0	0.0	0.0	0.0	0.0	0.0	0.0	0.0	0.0	0.021109480738831825	0.0	0.0	0.0	0.0	0.0	0.10782330377381563	0.0	0.004933520172673207	0.0	0.0	0.10987780384572314	0.0	0.0	0.0	0.11559830404594065	0.5408083189282912	0.017346210607117368	0.017455080610927824	0.0	0.0	0.0	0.0	0.03237344113307044	0.0	0.0	0.0	0.0	0.024001430840050082	0.0	0.0
0.0	0.003448275910344825	0.0	0.0	0.0	0.0	0.0	0.0	0.0	0.0	0.0	0.0	0.0	0.0	0.0	0.0	0.0	0.0	0.0	0.0	0.0	0.0	0.0	0.0	0.0	0.017241379551724133	0.0	0.0	0.0	0.0	0.6689654826068975	0.0	0.0	0.0	0.0	0.010344829731034427	0.0	0.051724138655172384	0.0	0.0	0.0	0.24827589354482674	0.0	0.0	0.0
0.0	0.0	0.0	0.0	0.0	0.0	0.0	0.1914893808510619	0.0	0.0	0.0	0.0	0.0	0.0	0.0	0.0	0.0	0.0	0.0	0.02127659787234021	0.0	0.0	0.0	0.0	0.0	0.0	0.0	0.0	0.0	0.0	0.5744680425531957	0.0	0.0	0.0	0.02127659787234021	0.0	0.0	0.0	0.0	0.0	0.0	0.1914893808510619	0.0	0.0	0.0
0.0	0.0	0.0	0.0	0.0	0.0	0.0	0.0	0.0	0.0	0.0	0.0	0.0	0.0	0.0	0.0	0.0	0.0	0.0	0.0	0.017094021726496194	0.0	0.0	0.0	0.0	0.05128205517948757	0.0	0.0	0.0	0.0	0.6666666673333332	0.0	0.0	0.008547009863247995	0.0	0.0	0.0	0.017094021726496194	0.0	0.0	0.0	0.23931622417093865	0.0	0.0	0.0
0.0	0.0	0.0	0.0	0.0	0.0	0.0	0.18699189065040547	0.0	0.0	0.0	0.0	0.0	0.0	0.0	0.01626015918699204	0.0	0.0	0.0	0.04878048756097562	0.0	0.0	0.0	0.0	0.0	0.0	0.0	0.0	0.0	0.0	0.5609755719512214	0.0	0.0	0.0	0.0	0.0	0.0	0.0	0.0	0.0	0.0	0.18699189065040547	0.0	0.0	0.0
0.0	0.0	0.0	0.0	0.0	0.0	0.0	0.18965519241379236	0.0	0.0	0.0	0.0	0.0	0.0	0.0	0.0	0.0	0.0	0.0	0.025862068965517244	0.0	0.0	0.0	0.0	0.0	0.0	0.0	0.0	0.0	0.0	0.5689654772413809	0.0	0.0	0.0	0.025862068965517244	0.0	0.0	0.0	0.0	0.0	0.0	0.18965519241379236	0.0	0.0	0.0
0.0	0.0	0.0	0.0	0.0	0.0	0.0	0.18872019245119234	0.0	0.0	0.0	0.0	0.0	0.0	0.0	0.0	0.0	0.0	0.0	0.028199568872017244	0.0	0.0	0.0	0.0	0.0	0.0	0.0	0.0	0.0	0.0	0.566160477353581	0.0	0.0	0.0	0.028199568872017244	0.0	0.0	0.0	0.0	0.0	0.0	0.18872019245119234	0.0	0.0	0.0
0.0	0.0	0.0	0.0	0.0070498317744053796	0.0	0.0	0.3534191886905859	0.0	0.0	0.0	0.0	0.0	0.0	0.0	0.0	0.0	0.0	0.0	0.2473748920840034	0.12719379592979851	0.0	0.0	0.0	0.0	0.0	0.0	0.0	0.0	0.0	0.2649622915212066	0.0	0.0	0.0	0.0	0.0	0.0	0.0	0.0	0.0	0.0	0.0	0.0	0.0	0.0
0.0	0.01567656843234316	0.0	0.0	0.0	0.0	0.0	0.19059408094059194	0.0	0.0	0.0	0.0	0.0	0.0	0.0	0.0	0.0	0.0	0.0	0.03135312686468732	0.0	0.0	0.0	0.0	0.0	0.0	0.0	0.0	0.0	0.0	0.5717821428217857	0.0	0.0	0.0	0.0	0.0	0.0	0.0	0.0	0.0	0.0	0.19059408094059194	0.0	0.0	0.0
0.0	0.0	0.0	0.0	0.0	0.0	0.0	0.1875	0.0	0.0	0.0	0.0	0.0	0.0	0.0	0.0	0.0	0.0	0.0	0.04166667	0.0	0.0	0.0	0.0	0.0	0.0	0.0	0.0	0.0	0.0	0.5625	0.0	0.0	0.0	0.0	0.02083333	0.0	0.0	0.0	0.0	0.0	0.1875	0.0	0.0	0.0
0.0	0.0	0.0	0.0	0.0	0.0	0.0	0.22727268863636554	0.0	0.0	0.0	0.0	0.0	0.0	0.0	0.0	0.0	0.0	0.0	0.045454547727272615	0.0	0.0	0.0	0.0	0.0	0.0	0.0	0.0	0.0	0.0	0.5454545727272713	0.0	0.0	0.0	0.0	0.0	0.0	0.0	0.0	0.0	0.0	0.18181819090909046	0.0	0.0	0.0
0.0	0.0	0.008661001722847944	0.0	0.0	0.0	0.0	0.0	0.0	0.0	0.0	0.0	0.0	0.0	0.021079279325463062	0.0	0.0	0.0	0.0	0.0	0.10933519650127373	0.0	0.0	0.0	0.0	0.11159479642896653	0.0	0.0	0.0	0.11768809623398092	0.5405930827010214	0.01732199944569602	0.017430659442218898	0.0	0.0	0.0	0.0	0.032328268965495385	0.0	0.0	0.0	0.0	0.023967619233036183	0.0	0.0
